INSERT INTO iam_user (id, version, tenant_id, created_at, created_by, last_modified_at, last_modified_by, username, email, password, active) VALUES
                                                                                                                                                 (4, 0, 'e3a0937a-4ab7-47b2-ac7f-8d99d1469e8b', '2026-05-24 09:00:00', 'SYSTEM', '2026-05-24 09:00:00', 'SYSTEM', 'juan_perez', 'juan.perez@solveria.com', '$2a$10$CHyru/epuPrjjg73Ghb5TeQDgIdKhQM1TNSGK500R8e2USUVPFSDW', TRUE),
                                                                                                                                                 (5, 0, 'e3a0937a-4ab7-47b2-ac7f-8d99d1469e8b', '2026-05-24 09:00:00', 'SYSTEM', '2026-05-24 09:00:00', 'SYSTEM', 'ana_rojas', 'ana.rojas@solveria.com', '$2a$10$CHyru/epuPrjjg73Ghb5TeQDgIdKhQM1TNSGK500R8e2USUVPFSDW', TRUE)
    ON CONFLICT (id) DO NOTHING;

INSERT INTO iam_user_roles (user_id, role_id) VALUES (4, 2), (5, 2)
    ON CONFLICT DO NOTHING;

INSERT INTO org_unit (unit_id, version, tenant_id, created_at, created_by, last_modified_at, last_modified_by, parent_id, name, unit_type, cost_code, description, geo_coords, is_root) VALUES
                                                                                                                                                                                            ('b2b00000-0000-4000-8000-000000000001', 0, 'e3a0937a-4ab7-47b2-ac7f-8d99d1469e8b', '2026-05-24 09:00:00', 'SYSTEM', '2026-05-24 09:00:00', 'SYSTEM', NULL, 'Solveria', 'COMPANY', 'CC-ROOT', 'Root organization', NULL, TRUE),
                                                                                                                                                                                            ('b2b00000-0000-4000-8000-000000000002', 0, 'e3a0937a-4ab7-47b2-ac7f-8d99d1469e8b', '2026-05-24 09:00:00', 'SYSTEM', '2026-05-24 09:00:00', 'SYSTEM', 'b2b00000-0000-4000-8000-000000000001', 'Operations', 'DEPARTMENT', 'CC-OPS', 'Operations and delivery', NULL, FALSE)
    ON CONFLICT (unit_id) DO NOTHING;

INSERT INTO org_hierarchy (hierarchy_id, version, tenant_id, created_at, created_by, last_modified_at, last_modified_by, parent_unit_id, child_unit_id, hierarchy_type, effective_date, end_date) VALUES
    ('b2b00000-0000-4000-8000-000000000003', 0, 'e3a0937a-4ab7-47b2-ac7f-8d99d1469e8b', '2026-05-24 09:00:00', 'SYSTEM', '2026-05-24 09:00:00', 'SYSTEM', 'b2b00000-0000-4000-8000-000000000001', 'b2b00000-0000-4000-8000-000000000002', 'LINE', '2026-05-01', NULL)
    ON CONFLICT (hierarchy_id) DO NOTHING;

INSERT INTO job (job_id, version, tenant_id, created_at, created_by, last_modified_at, last_modified_by, job_code, title, grade_band, description) VALUES
                                                                                                                                                       ('b3b00000-0000-4000-8000-000000000001', 0, 'e3a0937a-4ab7-47b2-ac7f-8d99d1469e8b', '2026-05-24 09:00:00', 'SYSTEM', '2026-05-24 09:00:00', 'SYSTEM', 'ENG-001', 'Software Engineer', 'G6', 'Engineering role'),
                                                                                                                                                       ('b3b00000-0000-4000-8000-000000000002', 0, 'e3a0937a-4ab7-47b2-ac7f-8d99d1469e8b', '2026-05-24 09:00:00', 'SYSTEM', '2026-05-24 09:00:00', 'SYSTEM', 'HR-001', 'HR Analyst', 'G5', 'Human Resources role')
    ON CONFLICT (job_id) DO NOTHING;

INSERT INTO position (position_id, version, tenant_id, created_at, created_by, last_modified_at, last_modified_by, unit_id, job_id, pos_status, is_budgeted, max_slots, current_slots) VALUES
                                                                                                                                                                                           ('b4b00000-0000-4000-8000-000000000001', 0, 'e3a0937a-4ab7-47b2-ac7f-8d99d1469e8b', '2026-05-24 09:00:00', 'SYSTEM', '2026-05-24 09:00:00', 'SYSTEM', 'b2b00000-0000-4000-8000-000000000002', 'b3b00000-0000-4000-8000-000000000001', 'FILLED', TRUE, 3, 3),
                                                                                                                                                                                           ('b4b00000-0000-4000-8000-000000000002', 0, 'e3a0937a-4ab7-47b2-ac7f-8d99d1469e8b', '2026-05-24 09:00:00', 'SYSTEM', '2026-05-24 09:00:00', 'SYSTEM', 'b2b00000-0000-4000-8000-000000000002', 'b3b00000-0000-4000-8000-000000000002', 'FILLED', TRUE, 1, 1)
    ON CONFLICT (position_id) DO NOTHING;

INSERT INTO person (person_id, version, tenant_id, created_at, created_by, last_modified_at, last_modified_by, first_name, last_name, birth_date, gender, marital_status, profession_title, DNI, user_id, global_id, email, phone, address) VALUES
                                                                                                                                                                                                                                                ('8f9a6f1a-2a1d-4a61-9a1b-100000000001', 0, 'e3a0937a-4ab7-47b2-ac7f-8d99d1469e8b', '2026-05-24 09:00:00', 'SYSTEM', '2026-05-24 09:00:00', 'SYSTEM', 'Admin', 'Platform', '1985-01-12', 'M', 'SINGLE', 'Systems Administrator', 'CI-450001', 1, 'G-0001', 'admin.platform@solveria.com', '+59170000001', 'Av. Central 100'),
                                                                                                                                                                                                                                                ('8f9a6f1a-2a1d-4a61-9a1b-100000000002', 0, 'e3a0937a-4ab7-47b2-ac7f-8d99d1469e8b', '2026-05-24 09:00:00', 'SYSTEM', '2026-05-24 09:00:00', 'SYSTEM', 'Carlos', 'Mendoza', '1990-03-18', 'M', 'MARRIED', 'Software Engineer', 'CI-450002', 2, 'G-0002', 'carlos.mendoza@solveria.com', '+59170000002', 'Calle 12 #45'),
                                                                                                                                                                                                                                                ('8f9a6f1a-2a1d-4a61-9a1b-100000000003', 0, 'e3a0937a-4ab7-47b2-ac7f-8d99d1469e8b', '2026-05-24 09:00:00', 'SYSTEM', '2026-05-24 09:00:00', 'SYSTEM', 'Maria', 'Gomez', '1992-07-09', 'F', 'SINGLE', 'HR Analyst', 'CI-450003', 3, 'G-0003', 'maria.gomez@solveria.com', '+59170000003', 'Av. Norte 230'),
                                                                                                                                                                                                                                                ('8f9a6f1a-2a1d-4a61-9a1b-100000000004', 0, 'e3a0937a-4ab7-47b2-ac7f-8d99d1469e8b', '2026-05-24 09:00:00', 'SYSTEM', '2026-05-24 09:00:00', 'SYSTEM', 'Juan', 'Perez', '1988-11-22', 'M', 'MARRIED', 'Software Engineer', 'CI-450004', 4, 'G-0004', 'juan.perez@solveria.com', '+59170000004', 'Calle 7 #18'),
                                                                                                                                                                                                                                                ('8f9a6f1a-2a1d-4a61-9a1b-100000000005', 0, 'e3a0937a-4ab7-47b2-ac7f-8d99d1469e8b', '2026-05-24 09:00:00', 'SYSTEM', '2026-05-24 09:00:00', 'SYSTEM', 'Ana', 'Rojas', '1995-02-04', 'F', 'SINGLE', 'Software Engineer', 'CI-450005', 5, 'G-0005', 'ana.rojas@solveria.com', '+59170000005', 'Av. Sur 88')
    ON CONFLICT (person_id) DO NOTHING;

INSERT INTO party_identifier (identifier_id, version, tenant_id, created_at, created_by, last_modified_at, last_modified_by, person_id, id_type, id_number, extension, issue_date, expiry_date) VALUES
                                                                                                                                                                                                    ('9aa00000-0000-4000-8000-000000000001', 0, 'e3a0937a-4ab7-47b2-ac7f-8d99d1469e8b', '2026-05-24 09:00:00', 'SYSTEM', '2026-05-24 09:00:00', 'SYSTEM', '8f9a6f1a-2a1d-4a61-9a1b-100000000001', 'CI', 'CI-450001', 'LP', '2015-02-01', '2030-02-01'),
                                                                                                                                                                                                    ('9aa00000-0000-4000-8000-000000000002', 0, 'e3a0937a-4ab7-47b2-ac7f-8d99d1469e8b', '2026-05-24 09:00:00', 'SYSTEM', '2026-05-24 09:00:00', 'SYSTEM', '8f9a6f1a-2a1d-4a61-9a1b-100000000002', 'CI', 'CI-450002', 'SC', '2016-04-12', '2031-04-12'),
                                                                                                                                                                                                    ('9aa00000-0000-4000-8000-000000000003', 0, 'e3a0937a-4ab7-47b2-ac7f-8d99d1469e8b', '2026-05-24 09:00:00', 'SYSTEM', '2026-05-24 09:00:00', 'SYSTEM', '8f9a6f1a-2a1d-4a61-9a1b-100000000003', 'CI', 'CI-450003', 'CB', '2017-05-08', '2032-05-08'),
                                                                                                                                                                                                    ('9aa00000-0000-4000-8000-000000000004', 0, 'e3a0937a-4ab7-47b2-ac7f-8d99d1469e8b', '2026-05-24 09:00:00', 'SYSTEM', '2026-05-24 09:00:00', 'SYSTEM', '8f9a6f1a-2a1d-4a61-9a1b-100000000004', 'CI', 'CI-450004', 'LP', '2014-08-20', '2029-08-20'),
                                                                                                                                                                                                    ('9aa00000-0000-4000-8000-000000000005', 0, 'e3a0937a-4ab7-47b2-ac7f-8d99d1469e8b', '2026-05-24 09:00:00', 'SYSTEM', '2026-05-24 09:00:00', 'SYSTEM', '8f9a6f1a-2a1d-4a61-9a1b-100000000005', 'CI', 'CI-450005', 'SC', '2019-01-15', '2034-01-15')
    ON CONFLICT (identifier_id) DO NOTHING;

INSERT INTO relationship (relationship_id, version, tenant_id, created_at, created_by, last_modified_at, last_modified_by, person_id, rel_type, current_status, hire_date) VALUES
                                                                                                                                                                               ('9f9a6f1a-2a1d-4a61-9a1b-200000000002', 0, 'e3a0937a-4ab7-47b2-ac7f-8d99d1469e8b', '2026-05-24 09:00:00', 'SYSTEM', '2026-05-24 09:00:00', 'SYSTEM', '8f9a6f1a-2a1d-4a61-9a1b-100000000002', 'EMPLOYEE', 'ACTIVE', '2024-02-15'),
                                                                                                                                                                               ('9f9a6f1a-2a1d-4a61-9a1b-200000000003', 0, 'e3a0937a-4ab7-47b2-ac7f-8d99d1469e8b', '2026-05-24 09:00:00', 'SYSTEM', '2026-05-24 09:00:00', 'SYSTEM', '8f9a6f1a-2a1d-4a61-9a1b-100000000003', 'EMPLOYEE', 'ACTIVE', '2023-10-01'),
                                                                                                                                                                               ('9f9a6f1a-2a1d-4a61-9a1b-200000000004', 0, 'e3a0937a-4ab7-47b2-ac7f-8d99d1469e8b', '2026-05-24 09:00:00', 'SYSTEM', '2026-05-24 09:00:00', 'SYSTEM', '8f9a6f1a-2a1d-4a61-9a1b-100000000004', 'EMPLOYEE', 'ACTIVE', '2022-06-20'),
                                                                                                                                                                               ('9f9a6f1a-2a1d-4a61-9a1b-200000000005', 0, 'e3a0937a-4ab7-47b2-ac7f-8d99d1469e8b', '2026-05-24 09:00:00', 'SYSTEM', '2026-05-24 09:00:00', 'SYSTEM', '8f9a6f1a-2a1d-4a61-9a1b-100000000005', 'EMPLOYEE', 'ACTIVE', '2025-01-10')
    ON CONFLICT (relationship_id) DO NOTHING;

INSERT INTO worker_profile (profile_id, version, tenant_id, created_at, created_by, last_modified_at, last_modified_by, relationship_id, employee_no, department, job_title) VALUES
                                                                                                                                                                                 ('a1a60000-0000-4000-8000-000000000002', 0, 'e3a0937a-4ab7-47b2-ac7f-8d99d1469e8b', '2026-05-24 09:00:00', 'SYSTEM', '2026-05-24 09:00:00', 'SYSTEM', '9f9a6f1a-2a1d-4a61-9a1b-200000000002', 'EMP-1002', 'Engineering', 'Software Engineer'),
                                                                                                                                                                                 ('a1a60000-0000-4000-8000-000000000003', 0, 'e3a0937a-4ab7-47b2-ac7f-8d99d1469e8b', '2026-05-24 09:00:00', 'SYSTEM', '2026-05-24 09:00:00', 'SYSTEM', '9f9a6f1a-2a1d-4a61-9a1b-200000000003', 'EMP-1003', 'Human Resources', 'HR Analyst'),
                                                                                                                                                                                 ('a1a60000-0000-4000-8000-000000000004', 0, 'e3a0937a-4ab7-47b2-ac7f-8d99d1469e8b', '2026-05-24 09:00:00', 'SYSTEM', '2026-05-24 09:00:00', 'SYSTEM', '9f9a6f1a-2a1d-4a61-9a1b-200000000004', 'EMP-1004', 'Engineering', 'Software Engineer'),
                                                                                                                                                                                 ('a1a60000-0000-4000-8000-000000000005', 0, 'e3a0937a-4ab7-47b2-ac7f-8d99d1469e8b', '2026-05-24 09:00:00', 'SYSTEM', '2026-05-24 09:00:00', 'SYSTEM', '9f9a6f1a-2a1d-4a61-9a1b-200000000005', 'EMP-1005', 'Engineering', 'Software Engineer')
    ON CONFLICT (profile_id) DO NOTHING;

INSERT INTO holiday_calendar (holiday_id, version, tenant_id, created_at, created_by, last_modified_at, last_modified_by, holiday_date, scope) VALUES
    ('c5c00000-0000-4000-8000-000000000001', 0, 'e3a0937a-4ab7-47b2-ac7f-8d99d1469e8b', '2026-05-24 09:00:00', 'SYSTEM', '2026-05-24 09:00:00', 'SYSTEM', '2026-05-01', 'NATIONAL')
    ON CONFLICT (holiday_id) DO NOTHING;