-- Flyway Migration: V20260524190300__seed_time_and_bearing_data
-- Description: Seed time & bearing data for May 2026 with 4 employees.

-- 1) Devices
INSERT INTO clocking_device (device_id, version, tenant_id, created_at, created_by, last_modified_at, last_modified_by, org_unit_id, serial_number, device_type, device_role, status, installed_at, decommissioned_at, supports_fingerprint, supports_facial, supports_nfc, supports_qr, firmware_version, public_key_pem, last_seen_at, battery_level, sync_status, enrolled_employees_count) VALUES
                                                                                                                                                                                                                                                                                                                                                                                                   ('f0f00000-0000-4000-8000-000000000001', 0, 'e3a0937a-4ab7-47b2-ac7f-8d99d1469e8b', '2026-05-24 09:00:00', 'SYSTEM', '2026-05-24 09:00:00', 'SYSTEM', 'b2b00000-0000-4000-8000-000000000002', 'OPS-KIOSK-01', 'KIOSK', 'CHECKIN', 'ACTIVE', '2026-01-10 08:00:00', NULL, TRUE, FALSE, TRUE, TRUE, '1.5.3', NULL, '2026-05-24 08:50:00', 92, 'OK', 4),
                                                                                                                                                                                                                                                                                                                                                                                                   ('f0f00000-0000-4000-8000-000000000002', 0, 'e3a0937a-4ab7-47b2-ac7f-8d99d1469e8b', '2026-05-24 09:00:00', 'SYSTEM', '2026-05-24 09:00:00', 'SYSTEM', 'b2b00000-0000-4000-8000-000000000002', 'OPS-KIOSK-02', 'KIOSK', 'CHECKIN', 'ACTIVE', '2026-02-05 08:00:00', NULL, TRUE, TRUE, FALSE, TRUE, '1.5.3', NULL, '2026-05-24 08:55:00', 88, 'OK', 4)
    ON CONFLICT DO NOTHING;

INSERT INTO device_audit_log (audit_log_id, version, tenant_id, created_at, created_by, last_modified_at, last_modified_by, device_id, event_type, actor_id, occurred_at, description) VALUES
                                                                                                                                                                                           ('f0f00000-0000-4000-8000-000000000201', 0, 'e3a0937a-4ab7-47b2-ac7f-8d99d1469e8b', '2026-05-24 09:00:00', 'SYSTEM', '2026-05-24 09:00:00', 'SYSTEM', 'f0f00000-0000-4000-8000-000000000001', 'FIRMWARE_UPDATE', 'SYSTEM', '2026-05-20 10:00:00', 'Firmware updated to 1.5.3'),
                                                                                                                                                                                           ('f0f00000-0000-4000-8000-000000000202', 0, 'e3a0937a-4ab7-47b2-ac7f-8d99d1469e8b', '2026-05-24 09:00:00', 'SYSTEM', '2026-05-24 09:00:00', 'SYSTEM', 'f0f00000-0000-4000-8000-000000000002', 'MAINTENANCE', 'SYSTEM', '2026-05-18 16:30:00', 'Preventive maintenance')
    ON CONFLICT DO NOTHING;

-- 2) Biometric enrollments
INSERT INTO biometric_enrollment (enrollment_id, version, tenant_id, created_at, created_by, last_modified_at, last_modified_by, device_id, relationship_id, biometric_type, template_hash, template_quality_score, status, enrolled_at, revoked_at, revocation_reason) VALUES
                                                                                                                                                                                                                                                                            ('f0f00000-0000-4000-8000-000000000101', 0, 'e3a0937a-4ab7-47b2-ac7f-8d99d1469e8b', '2026-05-24 09:00:00', 'SYSTEM', '2026-05-24 09:00:00', 'SYSTEM', 'f0f00000-0000-4000-8000-000000000001', '9f9a6f1a-2a1d-4a61-9a1b-200000000002', 'FINGERPRINT', 'HASH-CARLOS', 92.5, 'ACTIVE', '2026-05-01 09:10:00', NULL, NULL),
                                                                                                                                                                                                                                                                            ('f0f00000-0000-4000-8000-000000000102', 0, 'e3a0937a-4ab7-47b2-ac7f-8d99d1469e8b', '2026-05-24 09:00:00', 'SYSTEM', '2026-05-24 09:00:00', 'SYSTEM', 'f0f00000-0000-4000-8000-000000000001', '9f9a6f1a-2a1d-4a61-9a1b-200000000003', 'FINGERPRINT', 'HASH-MARIA', 90.2, 'ACTIVE', '2026-05-01 09:12:00', NULL, NULL),
                                                                                                                                                                                                                                                                            ('f0f00000-0000-4000-8000-000000000103', 0, 'e3a0937a-4ab7-47b2-ac7f-8d99d1469e8b', '2026-05-24 09:00:00', 'SYSTEM', '2026-05-24 09:00:00', 'SYSTEM', 'f0f00000-0000-4000-8000-000000000002', '9f9a6f1a-2a1d-4a61-9a1b-200000000004', 'FINGERPRINT', 'HASH-JUAN', 89.7, 'ACTIVE', '2026-05-01 09:15:00', NULL, NULL),
                                                                                                                                                                                                                                                                            ('f0f00000-0000-4000-8000-000000000104', 0, 'e3a0937a-4ab7-47b2-ac7f-8d99d1469e8b', '2026-05-24 09:00:00', 'SYSTEM', '2026-05-24 09:00:00', 'SYSTEM', 'f0f00000-0000-4000-8000-000000000002', '9f9a6f1a-2a1d-4a61-9a1b-200000000005', 'FINGERPRINT', 'HASH-ANA', 93.1, 'ACTIVE', '2026-05-01 09:18:00', NULL, NULL)
    ON CONFLICT DO NOTHING;

-- 3) Punch attempts
INSERT INTO punch_attempt_log (attempt_id, version, tenant_id, created_at, created_by, last_modified_at, last_modified_by, device_id, attempted_at, relationship_id, auth_method, auth_result, security_incident, incident_escalated_to) VALUES
                                                                                                                                                                                                                                             ('f0f00000-0000-4000-8000-000000000301', 0, 'e3a0937a-4ab7-47b2-ac7f-8d99d1469e8b', '2026-05-24 09:00:00', 'SYSTEM', '2026-05-24 09:00:00', 'SYSTEM', 'f0f00000-0000-4000-8000-000000000001', '2026-05-06 08:59:00', '9f9a6f1a-2a1d-4a61-9a1b-200000000002', 'FINGERPRINT', 'SUCCESS', FALSE, NULL),
                                                                                                                                                                                                                                             ('f0f00000-0000-4000-8000-000000000302', 0, 'e3a0937a-4ab7-47b2-ac7f-8d99d1469e8b', '2026-05-24 09:00:00', 'SYSTEM', '2026-05-24 09:00:00', 'SYSTEM', 'f0f00000-0000-4000-8000-000000000001', '2026-05-06 09:01:00', '9f9a6f1a-2a1d-4a61-9a1b-200000000003', 'FINGERPRINT', 'SUCCESS', FALSE, NULL),
                                                                                                                                                                                                                                             ('f0f00000-0000-4000-8000-000000000303', 0, 'e3a0937a-4ab7-47b2-ac7f-8d99d1469e8b', '2026-05-24 09:00:00', 'SYSTEM', '2026-05-24 09:00:00', 'SYSTEM', 'f0f00000-0000-4000-8000-000000000002', '2026-05-06 09:00:00', '9f9a6f1a-2a1d-4a61-9a1b-200000000004', 'FINGERPRINT', 'SUCCESS', FALSE, NULL),
                                                                                                                                                                                                                                             ('f0f00000-0000-4000-8000-000000000304', 0, 'e3a0937a-4ab7-47b2-ac7f-8d99d1469e8b', '2026-05-24 09:00:00', 'SYSTEM', '2026-05-24 09:00:00', 'SYSTEM', 'f0f00000-0000-4000-8000-000000000002', '2026-05-06 09:02:00', '9f9a6f1a-2a1d-4a61-9a1b-200000000005', 'FINGERPRINT', 'SUCCESS', FALSE, NULL)
    ON CONFLICT DO NOTHING;

-- 4) Timesheet period and summaries
INSERT INTO timesheet_period (period_id, version, tenant_id, created_at, created_by, last_modified_at, last_modified_by, org_unit_id, period_type, period_start, period_end, grace_period_end, status, closed_at, closed_by, closure_type, payroll_event_emitted_at) VALUES
    ('f1f00000-0000-4000-8000-000000000001', 0, 'e3a0937a-4ab7-47b2-ac7f-8d99d1469e8b', '2026-05-24 09:00:00', 'SYSTEM', '2026-05-24 09:00:00', 'SYSTEM', 'b2b00000-0000-4000-8000-000000000002', 'MONTHLY', '2026-05-01', '2026-05-31', '2026-06-02 23:59:00', 'CLOSED', '2026-06-02 18:00:00', '8f9a6f1a-2a1d-4a61-9a1b-100000000001', 'AUTO', '2026-06-02 18:05:00')
    ON CONFLICT DO NOTHING;

INSERT INTO daily_consolidation_summary (summary_id, version, tenant_id, created_at, created_by, last_modified_at, last_modified_by, period_id, work_date, total_scheduled, total_attended, total_no_shows, total_exceptions_pending, total_regular_hours, total_overtime_hours, total_night_hours, calculated_at) VALUES
                                                                                                                                                                                                                                                                                                                       ('f1f00000-0000-4000-8000-000000000101', 0, 'e3a0937a-4ab7-47b2-ac7f-8d99d1469e8b', '2026-05-24 09:00:00', 'SYSTEM', '2026-05-24 09:00:00', 'SYSTEM', 'f1f00000-0000-4000-8000-000000000001', '2026-05-05', 4, 4, 0, 0, 32, 0, 0, '2026-05-05 18:00:00'),
                                                                                                                                                                                                                                                                                                                       ('f1f00000-0000-4000-8000-000000000102', 0, 'e3a0937a-4ab7-47b2-ac7f-8d99d1469e8b', '2026-05-24 09:00:00', 'SYSTEM', '2026-05-24 09:00:00', 'SYSTEM', 'f1f00000-0000-4000-8000-000000000001', '2026-05-06', 4, 4, 0, 0, 32, 0, 0, '2026-05-06 18:00:00'),
                                                                                                                                                                                                                                                                                                                       ('f1f00000-0000-4000-8000-000000000103', 0, 'e3a0937a-4ab7-47b2-ac7f-8d99d1469e8b', '2026-05-24 09:00:00', 'SYSTEM', '2026-05-24 09:00:00', 'SYSTEM', 'f1f00000-0000-4000-8000-000000000001', '2026-05-07', 4, 4, 0, 0, 32, 0, 0, '2026-05-07 18:00:00'),
                                                                                                                                                                                                                                                                                                                       ('f1f00000-0000-4000-8000-000000000104', 0, 'e3a0937a-4ab7-47b2-ac7f-8d99d1469e8b', '2026-05-24 09:00:00', 'SYSTEM', '2026-05-24 09:00:00', 'SYSTEM', 'f1f00000-0000-4000-8000-000000000001', '2026-05-08', 4, 0, 4, 0, 0, 0, 0, '2026-05-08 18:00:00'),
                                                                                                                                                                                                                                                                                                                       ('f1f00000-0000-4000-8000-000000000105', 0, 'e3a0937a-4ab7-47b2-ac7f-8d99d1469e8b', '2026-05-24 09:00:00', 'SYSTEM', '2026-05-24 09:00:00', 'SYSTEM', 'f1f00000-0000-4000-8000-000000000001', '2026-05-09', 4, 0, 4, 0, 0, 0, 0, '2026-05-09 18:00:00')
    ON CONFLICT DO NOTHING;

INSERT INTO payroll_handoff_package (handoff_id, version, tenant_id, created_at, created_by, last_modified_at, last_modified_by, period_id, generated_at, checksum) VALUES
    ('f1f00000-0000-4000-8000-000000000201', 0, 'e3a0937a-4ab7-47b2-ac7f-8d99d1469e8b', '2026-05-24 09:00:00', 'SYSTEM', '2026-05-24 09:00:00', 'SYSTEM', 'f1f00000-0000-4000-8000-000000000001', '2026-06-02 18:10:00', 'CHECKSUM-MAY-2026')
    ON CONFLICT DO NOTHING;

INSERT INTO payroll_handoff_employee_record (handoff_id, relationship_id, regular_hours_total, overtime_hours_total, night_hours_total, holiday_hours_total, unjustified_absences, remote_work_days, data_quality_flag) VALUES
                                                                                                                                                                                                                            ('f1f00000-0000-4000-8000-000000000201', '9f9a6f1a-2a1d-4a61-9a1b-200000000002', 120, 0, 0, 0, 4, 0, 'OK'),
                                                                                                                                                                                                                            ('f1f00000-0000-4000-8000-000000000201', '9f9a6f1a-2a1d-4a61-9a1b-200000000003', 120, 0, 0, 0, 4, 0, 'OK'),
                                                                                                                                                                                                                            ('f1f00000-0000-4000-8000-000000000201', '9f9a6f1a-2a1d-4a61-9a1b-200000000004', 120, 0, 0, 0, 4, 0, 'OK'),
                                                                                                                                                                                                                            ('f1f00000-0000-4000-8000-000000000201', '9f9a6f1a-2a1d-4a61-9a1b-200000000005', 120, 0, 0, 0, 4, 0, 'OK')
    ON CONFLICT DO NOTHING;

-- 5) Attendance ledger (5 per employee)
INSERT INTO attendance_ledger (ledger_id, version, tenant_id, created_at, created_by, last_modified_at, last_modified_by, relationship_id, org_unit_id, work_date, shift_id, status, is_finalized, remote_work, remote_work_auth_id, closed_at, regular_hours, overtime_hours, night_hours, holiday_hours, deducted_break_minutes, net_payable_hours, summary_calculated_at) VALUES
                                                                                                                                                                                                                                                                                                                                                                                 ('f2f00000-0000-4000-8000-000000000001', 0, 'e3a0937a-4ab7-47b2-ac7f-8d99d1469e8b', '2026-05-24 09:00:00', 'SYSTEM', '2026-05-24 09:00:00', 'SYSTEM', '9f9a6f1a-2a1d-4a61-9a1b-200000000002', 'b2b00000-0000-4000-8000-000000000002', '2026-05-05', NULL, 'FINALIZED', TRUE, FALSE, NULL, '2026-05-05 18:00:00', 8, 0, 0, 0, 60, 7, '2026-05-05 18:05:00'),
                                                                                                                                                                                                                                                                                                                                                                                 ('f2f00000-0000-4000-8000-000000000002', 0, 'e3a0937a-4ab7-47b2-ac7f-8d99d1469e8b', '2026-05-24 09:00:00', 'SYSTEM', '2026-05-24 09:00:00', 'SYSTEM', '9f9a6f1a-2a1d-4a61-9a1b-200000000002', 'b2b00000-0000-4000-8000-000000000002', '2026-05-06', NULL, 'FINALIZED', TRUE, FALSE, NULL, '2026-05-06 18:00:00', 8, 0, 0, 0, 60, 7, '2026-05-06 18:05:00'),
                                                                                                                                                                                                                                                                                                                                                                                 ('f2f00000-0000-4000-8000-000000000003', 0, 'e3a0937a-4ab7-47b2-ac7f-8d99d1469e8b', '2026-05-24 09:00:00', 'SYSTEM', '2026-05-24 09:00:00', 'SYSTEM', '9f9a6f1a-2a1d-4a61-9a1b-200000000002', 'b2b00000-0000-4000-8000-000000000002', '2026-05-07', NULL, 'FINALIZED', TRUE, FALSE, NULL, '2026-05-07 18:00:00', 8, 0, 0, 0, 60, 7, '2026-05-07 18:05:00'),
                                                                                                                                                                                                                                                                                                                                                                                 ('f2f00000-0000-4000-8000-000000000004', 0, 'e3a0937a-4ab7-47b2-ac7f-8d99d1469e8b', '2026-05-24 09:00:00', 'SYSTEM', '2026-05-24 09:00:00', 'SYSTEM', '9f9a6f1a-2a1d-4a61-9a1b-200000000002', 'b2b00000-0000-4000-8000-000000000002', '2026-05-08', NULL, 'FINALIZED', TRUE, FALSE, NULL, '2026-05-08 18:00:00', 0, 0, 0, 0, 0, 0, '2026-05-08 18:05:00'),
                                                                                                                                                                                                                                                                                                                                                                                 ('f2f00000-0000-4000-8000-000000000005', 0, 'e3a0937a-4ab7-47b2-ac7f-8d99d1469e8b', '2026-05-24 09:00:00', 'SYSTEM', '2026-05-24 09:00:00', 'SYSTEM', '9f9a6f1a-2a1d-4a61-9a1b-200000000002', 'b2b00000-0000-4000-8000-000000000002', '2026-05-09', NULL, 'FINALIZED', TRUE, FALSE, NULL, '2026-05-09 18:00:00', 0, 0, 0, 0, 0, 0, '2026-05-09 18:05:00'),

                                                                                                                                                                                                                                                                                                                                                                                 ('f2f00000-0000-4000-8000-000000000006', 0, 'e3a0937a-4ab7-47b2-ac7f-8d99d1469e8b', '2026-05-24 09:00:00', 'SYSTEM', '2026-05-24 09:00:00', 'SYSTEM', '9f9a6f1a-2a1d-4a61-9a1b-200000000003', 'b2b00000-0000-4000-8000-000000000002', '2026-05-05', NULL, 'FINALIZED', TRUE, FALSE, NULL, '2026-05-05 18:00:00', 8, 0, 0, 0, 60, 7, '2026-05-05 18:05:00'),
                                                                                                                                                                                                                                                                                                                                                                                 ('f2f00000-0000-4000-8000-000000000007', 0, 'e3a0937a-4ab7-47b2-ac7f-8d99d1469e8b', '2026-05-24 09:00:00', 'SYSTEM', '2026-05-24 09:00:00', 'SYSTEM', '9f9a6f1a-2a1d-4a61-9a1b-200000000003', 'b2b00000-0000-4000-8000-000000000002', '2026-05-06', NULL, 'FINALIZED', TRUE, FALSE, NULL, '2026-05-06 18:00:00', 8, 0, 0, 0, 60, 7, '2026-05-06 18:05:00'),
                                                                                                                                                                                                                                                                                                                                                                                 ('f2f00000-0000-4000-8000-000000000008', 0, 'e3a0937a-4ab7-47b2-ac7f-8d99d1469e8b', '2026-05-24 09:00:00', 'SYSTEM', '2026-05-24 09:00:00', 'SYSTEM', '9f9a6f1a-2a1d-4a61-9a1b-200000000003', 'b2b00000-0000-4000-8000-000000000002', '2026-05-07', NULL, 'FINALIZED', TRUE, FALSE, NULL, '2026-05-07 18:00:00', 8, 0, 0, 0, 60, 7, '2026-05-07 18:05:00'),
                                                                                                                                                                                                                                                                                                                                                                                 ('f2f00000-0000-4000-8000-000000000009', 0, 'e3a0937a-4ab7-47b2-ac7f-8d99d1469e8b', '2026-05-24 09:00:00', 'SYSTEM', '2026-05-24 09:00:00', 'SYSTEM', '9f9a6f1a-2a1d-4a61-9a1b-200000000003', 'b2b00000-0000-4000-8000-000000000002', '2026-05-08', NULL, 'FINALIZED', TRUE, FALSE, NULL, '2026-05-08 18:00:00', 0, 0, 0, 0, 0, 0, '2026-05-08 18:05:00'),
                                                                                                                                                                                                                                                                                                                                                                                 ('f2f00000-0000-4000-8000-000000000010', 0, 'e3a0937a-4ab7-47b2-ac7f-8d99d1469e8b', '2026-05-24 09:00:00', 'SYSTEM', '2026-05-24 09:00:00', 'SYSTEM', '9f9a6f1a-2a1d-4a61-9a1b-200000000003', 'b2b00000-0000-4000-8000-000000000002', '2026-05-09', NULL, 'FINALIZED', TRUE, FALSE, NULL, '2026-05-09 18:00:00', 0, 0, 0, 0, 0, 0, '2026-05-09 18:05:00'),

                                                                                                                                                                                                                                                                                                                                                                                 ('f2f00000-0000-4000-8000-000000000011', 0, 'e3a0937a-4ab7-47b2-ac7f-8d99d1469e8b', '2026-05-24 09:00:00', 'SYSTEM', '2026-05-24 09:00:00', 'SYSTEM', '9f9a6f1a-2a1d-4a61-9a1b-200000000004', 'b2b00000-0000-4000-8000-000000000002', '2026-05-05', NULL, 'FINALIZED', TRUE, FALSE, NULL, '2026-05-05 18:00:00', 8, 0, 0, 0, 60, 7, '2026-05-05 18:05:00'),
                                                                                                                                                                                                                                                                                                                                                                                 ('f2f00000-0000-4000-8000-000000000012', 0, 'e3a0937a-4ab7-47b2-ac7f-8d99d1469e8b', '2026-05-24 09:00:00', 'SYSTEM', '2026-05-24 09:00:00', 'SYSTEM', '9f9a6f1a-2a1d-4a61-9a1b-200000000004', 'b2b00000-0000-4000-8000-000000000002', '2026-05-06', NULL, 'FINALIZED', TRUE, FALSE, NULL, '2026-05-06 18:00:00', 8, 0, 0, 0, 60, 7, '2026-05-06 18:05:00'),
                                                                                                                                                                                                                                                                                                                                                                                 ('f2f00000-0000-4000-8000-000000000013', 0, 'e3a0937a-4ab7-47b2-ac7f-8d99d1469e8b', '2026-05-24 09:00:00', 'SYSTEM', '2026-05-24 09:00:00', 'SYSTEM', '9f9a6f1a-2a1d-4a61-9a1b-200000000004', 'b2b00000-0000-4000-8000-000000000002', '2026-05-07', NULL, 'FINALIZED', TRUE, FALSE, NULL, '2026-05-07 18:00:00', 8, 0, 0, 0, 60, 7, '2026-05-07 18:05:00'),
                                                                                                                                                                                                                                                                                                                                                                                 ('f2f00000-0000-4000-8000-000000000014', 0, 'e3a0937a-4ab7-47b2-ac7f-8d99d1469e8b', '2026-05-24 09:00:00', 'SYSTEM', '2026-05-24 09:00:00', 'SYSTEM', '9f9a6f1a-2a1d-4a61-9a1b-200000000004', 'b2b00000-0000-4000-8000-000000000002', '2026-05-08', NULL, 'FINALIZED', TRUE, FALSE, NULL, '2026-05-08 18:00:00', 0, 0, 0, 0, 0, 0, '2026-05-08 18:05:00'),
                                                                                                                                                                                                                                                                                                                                                                                 ('f2f00000-0000-4000-8000-000000000015', 0, 'e3a0937a-4ab7-47b2-ac7f-8d99d1469e8b', '2026-05-24 09:00:00', 'SYSTEM', '2026-05-24 09:00:00', 'SYSTEM', '9f9a6f1a-2a1d-4a61-9a1b-200000000004', 'b2b00000-0000-4000-8000-000000000002', '2026-05-09', NULL, 'FINALIZED', TRUE, FALSE, NULL, '2026-05-09 18:00:00', 0, 0, 0, 0, 0, 0, '2026-05-09 18:05:00'),

                                                                                                                                                                                                                                                                                                                                                                                 ('f2f00000-0000-4000-8000-000000000016', 0, 'e3a0937a-4ab7-47b2-ac7f-8d99d1469e8b', '2026-05-24 09:00:00', 'SYSTEM', '2026-05-24 09:00:00', 'SYSTEM', '9f9a6f1a-2a1d-4a61-9a1b-200000000005', 'b2b00000-0000-4000-8000-000000000002', '2026-05-05', NULL, 'FINALIZED', TRUE, FALSE, NULL, '2026-05-05 18:00:00', 8, 0, 0, 0, 60, 7, '2026-05-05 18:05:00'),
                                                                                                                                                                                                                                                                                                                                                                                 ('f2f00000-0000-4000-8000-000000000017', 0, 'e3a0937a-4ab7-47b2-ac7f-8d99d1469e8b', '2026-05-24 09:00:00', 'SYSTEM', '2026-05-24 09:00:00', 'SYSTEM', '9f9a6f1a-2a1d-4a61-9a1b-200000000005', 'b2b00000-0000-4000-8000-000000000002', '2026-05-06', NULL, 'FINALIZED', TRUE, FALSE, NULL, '2026-05-06 18:00:00', 8, 0, 0, 0, 60, 7, '2026-05-06 18:05:00'),
                                                                                                                                                                                                                                                                                                                                                                                 ('f2f00000-0000-4000-8000-000000000018', 0, 'e3a0937a-4ab7-47b2-ac7f-8d99d1469e8b', '2026-05-24 09:00:00', 'SYSTEM', '2026-05-24 09:00:00', 'SYSTEM', '9f9a6f1a-2a1d-4a61-9a1b-200000000005', 'b2b00000-0000-4000-8000-000000000002', '2026-05-07', NULL, 'FINALIZED', TRUE, FALSE, NULL, '2026-05-07 18:00:00', 8, 0, 0, 0, 60, 7, '2026-05-07 18:05:00'),
                                                                                                                                                                                                                                                                                                                                                                                 ('f2f00000-0000-4000-8000-000000000019', 0, 'e3a0937a-4ab7-47b2-ac7f-8d99d1469e8b', '2026-05-24 09:00:00', 'SYSTEM', '2026-05-24 09:00:00', 'SYSTEM', '9f9a6f1a-2a1d-4a61-9a1b-200000000005', 'b2b00000-0000-4000-8000-000000000002', '2026-05-08', NULL, 'FINALIZED', TRUE, FALSE, NULL, '2026-05-08 18:00:00', 0, 0, 0, 0, 0, 0, '2026-05-08 18:05:00'),
                                                                                                                                                                                                                                                                                                                                                                                 ('f2f00000-0000-4000-8000-000000000020', 0, 'e3a0937a-4ab7-47b2-ac7f-8d99d1469e8b', '2026-05-24 09:00:00', 'SYSTEM', '2026-05-24 09:00:00', 'SYSTEM', '9f9a6f1a-2a1d-4a61-9a1b-200000000005', 'b2b00000-0000-4000-8000-000000000002', '2026-05-09', NULL, 'FINALIZED', TRUE, FALSE, NULL, '2026-05-09 18:00:00', 0, 0, 0, 0, 0, 0, '2026-05-09 18:05:00')
    ON CONFLICT DO NOTHING;

-- 6) Time entries (2 per ledger)
INSERT INTO time_entry (entry_id, version, tenant_id, created_at, created_by, last_modified_at, last_modified_by, ledger_id, punch_time, punch_type, source, device_id, device_signature, ip_address, user_agent, latitude, longitude, accuracy_meters, org_extension_snapshot, is_within_extension, geo_status, is_retroactive, retroactive_approver_id, corrects_entry_id, fraud_flag) VALUES
                                                                                                                                                                                                                                                                                                                                                                                             ('f3f00000-0000-4000-8000-000000000001', 0, 'e3a0937a-4ab7-47b2-ac7f-8d99d1469e8b', '2026-05-24 09:00:00', 'SYSTEM', '2026-05-24 09:00:00', 'SYSTEM', 'f2f00000-0000-4000-8000-000000000001', '2026-05-05 09:00:00', 'IN', 'DEVICE', 'f0f00000-0000-4000-8000-000000000001', NULL, '10.0.0.1', 'KIOSK', -16.500000, -68.150000, 15.0, '001', TRUE, 'OK', FALSE, NULL, NULL, FALSE),
                                                                                                                                                                                                                                                                                                                                                                                             ('f3f00000-0000-4000-8000-000000000002', 0, 'e3a0937a-4ab7-47b2-ac7f-8d99d1469e8b', '2026-05-24 09:00:00', 'SYSTEM', '2026-05-24 09:00:00', 'SYSTEM', 'f2f00000-0000-4000-8000-000000000001', '2026-05-05 17:00:00', 'OUT', 'DEVICE', 'f0f00000-0000-4000-8000-000000000001', NULL, '10.0.0.1', 'KIOSK', -16.500000, -68.150000, 15.0, '001', TRUE, 'OK', FALSE, NULL, NULL, FALSE),
                                                                                                                                                                                                                                                                                                                                                                                             ('f3f00000-0000-4000-8000-000000000003', 0, 'e3a0937a-4ab7-47b2-ac7f-8d99d1469e8b', '2026-05-24 09:00:00', 'SYSTEM', '2026-05-24 09:00:00', 'SYSTEM', 'f2f00000-0000-4000-8000-000000000002', '2026-05-06 09:02:00', 'IN', 'DEVICE', 'f0f00000-0000-4000-8000-000000000001', NULL, '10.0.0.1', 'KIOSK', -16.500000, -68.150000, 15.0, '001', TRUE, 'OK', FALSE, NULL, NULL, FALSE),
                                                                                                                                                                                                                                                                                                                                                                                             ('f3f00000-0000-4000-8000-000000000004', 0, 'e3a0937a-4ab7-47b2-ac7f-8d99d1469e8b', '2026-05-24 09:00:00', 'SYSTEM', '2026-05-24 09:00:00', 'SYSTEM', 'f2f00000-0000-4000-8000-000000000002', '2026-05-06 17:01:00', 'OUT', 'DEVICE', 'f0f00000-0000-4000-8000-000000000001', NULL, '10.0.0.1', 'KIOSK', -16.500000, -68.150000, 15.0, '001', TRUE, 'OK', FALSE, NULL, NULL, FALSE),

                                                                                                                                                                                                                                                                                                                                                                                             ('f3f00000-0000-4000-8000-000000000005', 0, 'e3a0937a-4ab7-47b2-ac7f-8d99d1469e8b', '2026-05-24 09:00:00', 'SYSTEM', '2026-05-24 09:00:00', 'SYSTEM', 'f2f00000-0000-4000-8000-000000000003', '2026-05-07 09:00:00', 'IN', 'DEVICE', 'f0f00000-0000-4000-8000-000000000001', NULL, '10.0.0.1', 'KIOSK', -16.500000, -68.150000, 15.0, '001', TRUE, 'OK', FALSE, NULL, NULL, FALSE),
                                                                                                                                                                                                                                                                                                                                                                                             ('f3f00000-0000-4000-8000-000000000006', 0, 'e3a0937a-4ab7-47b2-ac7f-8d99d1469e8b', '2026-05-24 09:00:00', 'SYSTEM', '2026-05-24 09:00:00', 'SYSTEM', 'f2f00000-0000-4000-8000-000000000003', '2026-05-07 17:00:00', 'OUT', 'DEVICE', 'f0f00000-0000-4000-8000-000000000001', NULL, '10.0.0.1', 'KIOSK', -16.500000, -68.150000, 15.0, '001', TRUE, 'OK', FALSE, NULL, NULL, FALSE),
                                                                                                                                                                                                                                                                                                                                                                                             ('f3f00000-0000-4000-8000-000000000007', 0, 'e3a0937a-4ab7-47b2-ac7f-8d99d1469e8b', '2026-05-24 09:00:00', 'SYSTEM', '2026-05-24 09:00:00', 'SYSTEM', 'f2f00000-0000-4000-8000-000000000004', '2026-05-08 09:00:00', 'IN', 'DEVICE', 'f0f00000-0000-4000-8000-000000000001', NULL, '10.0.0.1', 'KIOSK', -16.500000, -68.150000, 15.0, '001', TRUE, 'OK', FALSE, NULL, NULL, FALSE),
                                                                                                                                                                                                                                                                                                                                                                                             ('f3f00000-0000-4000-8000-000000000008', 0, 'e3a0937a-4ab7-47b2-ac7f-8d99d1469e8b', '2026-05-24 09:00:00', 'SYSTEM', '2026-05-24 09:00:00', 'SYSTEM', 'f2f00000-0000-4000-8000-000000000004', '2026-05-08 17:00:00', 'OUT', 'DEVICE', 'f0f00000-0000-4000-8000-000000000001', NULL, '10.0.0.1', 'KIOSK', -16.500000, -68.150000, 15.0, '001', TRUE, 'OK', FALSE, NULL, NULL, FALSE),
                                                                                                                                                                                                                                                                                                                                                                                             ('f3f00000-0000-4000-8000-000000000009', 0, 'e3a0937a-4ab7-47b2-ac7f-8d99d1469e8b', '2026-05-24 09:00:00', 'SYSTEM', '2026-05-24 09:00:00', 'SYSTEM', 'f2f00000-0000-4000-8000-000000000005', '2026-05-09 09:00:00', 'IN', 'DEVICE', 'f0f00000-0000-4000-8000-000000000001', NULL, '10.0.0.1', 'KIOSK', -16.500000, -68.150000, 15.0, '001', TRUE, 'OK', FALSE, NULL, NULL, FALSE),
                                                                                                                                                                                                                                                                                                                                                                                             ('f3f00000-0000-4000-8000-000000000010', 0, 'e3a0937a-4ab7-47b2-ac7f-8d99d1469e8b', '2026-05-24 09:00:00', 'SYSTEM', '2026-05-24 09:00:00', 'SYSTEM', 'f2f00000-0000-4000-8000-000000000005', '2026-05-09 17:00:00', 'OUT', 'DEVICE', 'f0f00000-0000-4000-8000-000000000001', NULL, '10.0.0.1', 'KIOSK', -16.500000, -68.150000, 15.0, '001', TRUE, 'OK', FALSE, NULL, NULL, FALSE),

                                                                                                                                                                                                                                                                                                                                                                                             ('f3f00000-0000-4000-8000-000000000011', 0, 'e3a0937a-4ab7-47b2-ac7f-8d99d1469e8b', '2026-05-24 09:00:00', 'SYSTEM', '2026-05-24 09:00:00', 'SYSTEM', 'f2f00000-0000-4000-8000-000000000006', '2026-05-05 09:00:00', 'IN', 'DEVICE', 'f0f00000-0000-4000-8000-000000000001', NULL, '10.0.0.2', 'KIOSK', -16.500000, -68.150000, 15.0, '001', TRUE, 'OK', FALSE, NULL, NULL, FALSE),
                                                                                                                                                                                                                                                                                                                                                                                             ('f3f00000-0000-4000-8000-000000000012', 0, 'e3a0937a-4ab7-47b2-ac7f-8d99d1469e8b', '2026-05-24 09:00:00', 'SYSTEM', '2026-05-24 09:00:00', 'SYSTEM', 'f2f00000-0000-4000-8000-000000000006', '2026-05-05 17:00:00', 'OUT', 'DEVICE', 'f0f00000-0000-4000-8000-000000000001', NULL, '10.0.0.2', 'KIOSK', -16.500000, -68.150000, 15.0, '001', TRUE, 'OK', FALSE, NULL, NULL, FALSE),
                                                                                                                                                                                                                                                                                                                                                                                             ('f3f00000-0000-4000-8000-000000000013', 0, 'e3a0937a-4ab7-47b2-ac7f-8d99d1469e8b', '2026-05-24 09:00:00', 'SYSTEM', '2026-05-24 09:00:00', 'SYSTEM', 'f2f00000-0000-4000-8000-000000000007', '2026-05-06 09:03:00', 'IN', 'DEVICE', 'f0f00000-0000-4000-8000-000000000001', NULL, '10.0.0.2', 'KIOSK', -16.500000, -68.150000, 15.0, '001', TRUE, 'OK', FALSE, NULL, NULL, FALSE),
                                                                                                                                                                                                                                                                                                                                                                                             ('f3f00000-0000-4000-8000-000000000014', 0, 'e3a0937a-4ab7-47b2-ac7f-8d99d1469e8b', '2026-05-24 09:00:00', 'SYSTEM', '2026-05-24 09:00:00', 'SYSTEM', 'f2f00000-0000-4000-8000-000000000007', '2026-05-06 17:04:00', 'OUT', 'DEVICE', 'f0f00000-0000-4000-8000-000000000001', NULL, '10.0.0.2', 'KIOSK', -16.500000, -68.150000, 15.0, '001', TRUE, 'OK', FALSE, NULL, NULL, FALSE),

                                                                                                                                                                                                                                                                                                                                                                                             ('f3f00000-0000-4000-8000-000000000015', 0, 'e3a0937a-4ab7-47b2-ac7f-8d99d1469e8b', '2026-05-24 09:00:00', 'SYSTEM', '2026-05-24 09:00:00', 'SYSTEM', 'f2f00000-0000-4000-8000-000000000008', '2026-05-07 09:00:00', 'IN', 'DEVICE', 'f0f00000-0000-4000-8000-000000000001', NULL, '10.0.0.2', 'KIOSK', -16.500000, -68.150000, 15.0, '001', TRUE, 'OK', FALSE, NULL, NULL, FALSE),
                                                                                                                                                                                                                                                                                                                                                                                             ('f3f00000-0000-4000-8000-000000000016', 0, 'e3a0937a-4ab7-47b2-ac7f-8d99d1469e8b', '2026-05-24 09:00:00', 'SYSTEM', '2026-05-24 09:00:00', 'SYSTEM', 'f2f00000-0000-4000-8000-000000000008', '2026-05-07 17:00:00', 'OUT', 'DEVICE', 'f0f00000-0000-4000-8000-000000000001', NULL, '10.0.0.2', 'KIOSK', -16.500000, -68.150000, 15.0, '001', TRUE, 'OK', FALSE, NULL, NULL, FALSE),
                                                                                                                                                                                                                                                                                                                                                                                             ('f3f00000-0000-4000-8000-000000000017', 0, 'e3a0937a-4ab7-47b2-ac7f-8d99d1469e8b', '2026-05-24 09:00:00', 'SYSTEM', '2026-05-24 09:00:00', 'SYSTEM', 'f2f00000-0000-4000-8000-000000000009', '2026-05-08 09:00:00', 'IN', 'DEVICE', 'f0f00000-0000-4000-8000-000000000001', NULL, '10.0.0.2', 'KIOSK', -16.500000, -68.150000, 15.0, '001', TRUE, 'OK', FALSE, NULL, NULL, FALSE),
                                                                                                                                                                                                                                                                                                                                                                                             ('f3f00000-0000-4000-8000-000000000018', 0, 'e3a0937a-4ab7-47b2-ac7f-8d99d1469e8b', '2026-05-24 09:00:00', 'SYSTEM', '2026-05-24 09:00:00', 'SYSTEM', 'f2f00000-0000-4000-8000-000000000009', '2026-05-08 17:00:00', 'OUT', 'DEVICE', 'f0f00000-0000-4000-8000-000000000001', NULL, '10.0.0.2', 'KIOSK', -16.500000, -68.150000, 15.0, '001', TRUE, 'OK', FALSE, NULL, NULL, FALSE),
                                                                                                                                                                                                                                                                                                                                                                                             ('f3f00000-0000-4000-8000-000000000019', 0, 'e3a0937a-4ab7-47b2-ac7f-8d99d1469e8b', '2026-05-24 09:00:00', 'SYSTEM', '2026-05-24 09:00:00', 'SYSTEM', 'f2f00000-0000-4000-8000-000000000010', '2026-05-09 09:00:00', 'IN', 'DEVICE', 'f0f00000-0000-4000-8000-000000000001', NULL, '10.0.0.2', 'KIOSK', -16.500000, -68.150000, 15.0, '001', TRUE, 'OK', FALSE, NULL, NULL, FALSE),
                                                                                                                                                                                                                                                                                                                                                                                             ('f3f00000-0000-4000-8000-000000000020', 0, 'e3a0937a-4ab7-47b2-ac7f-8d99d1469e8b', '2026-05-24 09:00:00', 'SYSTEM', '2026-05-24 09:00:00', 'SYSTEM', 'f2f00000-0000-4000-8000-000000000010', '2026-05-09 17:00:00', 'OUT', 'DEVICE', 'f0f00000-0000-4000-8000-000000000001', NULL, '10.0.0.2', 'KIOSK', -16.500000, -68.150000, 15.0, '001', TRUE, 'OK', FALSE, NULL, NULL, FALSE),

                                                                                                                                                                                                                                                                                                                                                                                             ('f3f00000-0000-4000-8000-000000000021', 0, 'e3a0937a-4ab7-47b2-ac7f-8d99d1469e8b', '2026-05-24 09:00:00', 'SYSTEM', '2026-05-24 09:00:00', 'SYSTEM', 'f2f00000-0000-4000-8000-000000000011', '2026-05-05 09:00:00', 'IN', 'DEVICE', 'f0f00000-0000-4000-8000-000000000002', NULL, '10.0.0.3', 'KIOSK', -16.500000, -68.150000, 15.0, '001', TRUE, 'OK', FALSE, NULL, NULL, FALSE),
                                                                                                                                                                                                                                                                                                                                                                                             ('f3f00000-0000-4000-8000-000000000022', 0, 'e3a0937a-4ab7-47b2-ac7f-8d99d1469e8b', '2026-05-24 09:00:00', 'SYSTEM', '2026-05-24 09:00:00', 'SYSTEM', 'f2f00000-0000-4000-8000-000000000011', '2026-05-05 17:00:00', 'OUT', 'DEVICE', 'f0f00000-0000-4000-8000-000000000002', NULL, '10.0.0.3', 'KIOSK', -16.500000, -68.150000, 15.0, '001', TRUE, 'OK', FALSE, NULL, NULL, FALSE),
                                                                                                                                                                                                                                                                                                                                                                                             ('f3f00000-0000-4000-8000-000000000023', 0, 'e3a0937a-4ab7-47b2-ac7f-8d99d1469e8b', '2026-05-24 09:00:00', 'SYSTEM', '2026-05-24 09:00:00', 'SYSTEM', 'f2f00000-0000-4000-8000-000000000012', '2026-05-06 09:01:00', 'IN', 'DEVICE', 'f0f00000-0000-4000-8000-000000000002', NULL, '10.0.0.3', 'KIOSK', -16.500000, -68.150000, 15.0, '001', TRUE, 'OK', FALSE, NULL, NULL, FALSE),
                                                                                                                                                                                                                                                                                                                                                                                             ('f3f00000-0000-4000-8000-000000000024', 0, 'e3a0937a-4ab7-47b2-ac7f-8d99d1469e8b', '2026-05-24 09:00:00', 'SYSTEM', '2026-05-24 09:00:00', 'SYSTEM', 'f2f00000-0000-4000-8000-000000000012', '2026-05-06 17:03:00', 'OUT', 'DEVICE', 'f0f00000-0000-4000-8000-000000000002', NULL, '10.0.0.3', 'KIOSK', -16.500000, -68.150000, 15.0, '001', TRUE, 'OK', FALSE, NULL, NULL, FALSE),

                                                                                                                                                                                                                                                                                                                                                                                             ('f3f00000-0000-4000-8000-000000000025', 0, 'e3a0937a-4ab7-47b2-ac7f-8d99d1469e8b', '2026-05-24 09:00:00', 'SYSTEM', '2026-05-24 09:00:00', 'SYSTEM', 'f2f00000-0000-4000-8000-000000000013', '2026-05-07 09:00:00', 'IN', 'DEVICE', 'f0f00000-0000-4000-8000-000000000002', NULL, '10.0.0.3', 'KIOSK', -16.500000, -68.150000, 15.0, '001', TRUE, 'OK', FALSE, NULL, NULL, FALSE),
                                                                                                                                                                                                                                                                                                                                                                                             ('f3f00000-0000-4000-8000-000000000026', 0, 'e3a0937a-4ab7-47b2-ac7f-8d99d1469e8b', '2026-05-24 09:00:00', 'SYSTEM', '2026-05-24 09:00:00', 'SYSTEM', 'f2f00000-0000-4000-8000-000000000013', '2026-05-07 17:00:00', 'OUT', 'DEVICE', 'f0f00000-0000-4000-8000-000000000002', NULL, '10.0.0.3', 'KIOSK', -16.500000, -68.150000, 15.0, '001', TRUE, 'OK', FALSE, NULL, NULL, FALSE),
                                                                                                                                                                                                                                                                                                                                                                                             ('f3f00000-0000-4000-8000-000000000027', 0, 'e3a0937a-4ab7-47b2-ac7f-8d99d1469e8b', '2026-05-24 09:00:00', 'SYSTEM', '2026-05-24 09:00:00', 'SYSTEM', 'f2f00000-0000-4000-8000-000000000014', '2026-05-08 09:00:00', 'IN', 'DEVICE', 'f0f00000-0000-4000-8000-000000000002', NULL, '10.0.0.3', 'KIOSK', -16.500000, -68.150000, 15.0, '001', TRUE, 'OK', FALSE, NULL, NULL, FALSE),
                                                                                                                                                                                                                                                                                                                                                                                             ('f3f00000-0000-4000-8000-000000000028', 0, 'e3a0937a-4ab7-47b2-ac7f-8d99d1469e8b', '2026-05-24 09:00:00', 'SYSTEM', '2026-05-24 09:00:00', 'SYSTEM', 'f2f00000-0000-4000-8000-000000000014', '2026-05-08 17:00:00', 'OUT', 'DEVICE', 'f0f00000-0000-4000-8000-000000000002', NULL, '10.0.0.3', 'KIOSK', -16.500000, -68.150000, 15.0, '001', TRUE, 'OK', FALSE, NULL, NULL, FALSE),
                                                                                                                                                                                                                                                                                                                                                                                             ('f3f00000-0000-4000-8000-000000000029', 0, 'e3a0937a-4ab7-47b2-ac7f-8d99d1469e8b', '2026-05-24 09:00:00', 'SYSTEM', '2026-05-24 09:00:00', 'SYSTEM', 'f2f00000-0000-4000-8000-000000000015', '2026-05-09 09:00:00', 'IN', 'DEVICE', 'f0f00000-0000-4000-8000-000000000002', NULL, '10.0.0.3', 'KIOSK', -16.500000, -68.150000, 15.0, '001', TRUE, 'OK', FALSE, NULL, NULL, FALSE),
                                                                                                                                                                                                                                                                                                                                                                                             ('f3f00000-0000-4000-8000-000000000030', 0, 'e3a0937a-4ab7-47b2-ac7f-8d99d1469e8b', '2026-05-24 09:00:00', 'SYSTEM', '2026-05-24 09:00:00', 'SYSTEM', 'f2f00000-0000-4000-8000-000000000015', '2026-05-09 17:00:00', 'OUT', 'DEVICE', 'f0f00000-0000-4000-8000-000000000002', NULL, '10.0.0.3', 'KIOSK', -16.500000, -68.150000, 15.0, '001', TRUE, 'OK', FALSE, NULL, NULL, FALSE),

                                                                                                                                                                                                                                                                                                                                                                                             ('f3f00000-0000-4000-8000-000000000031', 0, 'e3a0937a-4ab7-47b2-ac7f-8d99d1469e8b', '2026-05-24 09:00:00', 'SYSTEM', '2026-05-24 09:00:00', 'SYSTEM', 'f2f00000-0000-4000-8000-000000000016', '2026-05-05 09:00:00', 'IN', 'DEVICE', 'f0f00000-0000-4000-8000-000000000002', NULL, '10.0.0.4', 'KIOSK', -16.500000, -68.150000, 15.0, '001', TRUE, 'OK', FALSE, NULL, NULL, FALSE),
                                                                                                                                                                                                                                                                                                                                                                                             ('f3f00000-0000-4000-8000-000000000032', 0, 'e3a0937a-4ab7-47b2-ac7f-8d99d1469e8b', '2026-05-24 09:00:00', 'SYSTEM', '2026-05-24 09:00:00', 'SYSTEM', 'f2f00000-0000-4000-8000-000000000016', '2026-05-05 17:00:00', 'OUT', 'DEVICE', 'f0f00000-0000-4000-8000-000000000002', NULL, '10.0.0.4', 'KIOSK', -16.500000, -68.150000, 15.0, '001', TRUE, 'OK', FALSE, NULL, NULL, FALSE),
                                                                                                                                                                                                                                                                                                                                                                                             ('f3f00000-0000-4000-8000-000000000033', 0, 'e3a0937a-4ab7-47b2-ac7f-8d99d1469e8b', '2026-05-24 09:00:00', 'SYSTEM', '2026-05-24 09:00:00', 'SYSTEM', 'f2f00000-0000-4000-8000-000000000017', '2026-05-06 09:04:00', 'IN', 'DEVICE', 'f0f00000-0000-4000-8000-000000000002', NULL, '10.0.0.4', 'KIOSK', -16.500000, -68.150000, 15.0, '001', TRUE, 'OK', FALSE, NULL, NULL, FALSE),
                                                                                                                                                                                                                                                                                                                                                                                             ('f3f00000-0000-4000-8000-000000000034', 0, 'e3a0937a-4ab7-47b2-ac7f-8d99d1469e8b', '2026-05-24 09:00:00', 'SYSTEM', '2026-05-24 09:00:00', 'SYSTEM', 'f2f00000-0000-4000-8000-000000000017', '2026-05-06 17:06:00', 'OUT', 'DEVICE', 'f0f00000-0000-4000-8000-000000000002', NULL, '10.0.0.4', 'KIOSK', -16.500000, -68.150000, 15.0, '001', TRUE, 'OK', FALSE, NULL, NULL, FALSE),

                                                                                                                                                                                                                                                                                                                                                                                             ('f3f00000-0000-4000-8000-000000000035', 0, 'e3a0937a-4ab7-47b2-ac7f-8d99d1469e8b', '2026-05-24 09:00:00', 'SYSTEM', '2026-05-24 09:00:00', 'SYSTEM', 'f2f00000-0000-4000-8000-000000000018', '2026-05-07 09:00:00', 'IN', 'DEVICE', 'f0f00000-0000-4000-8000-000000000002', NULL, '10.0.0.4', 'KIOSK', -16.500000, -68.150000, 15.0, '001', TRUE, 'OK', FALSE, NULL, NULL, FALSE),
                                                                                                                                                                                                                                                                                                                                                                                             ('f3f00000-0000-4000-8000-000000000036', 0, 'e3a0937a-4ab7-47b2-ac7f-8d99d1469e8b', '2026-05-24 09:00:00', 'SYSTEM', '2026-05-24 09:00:00', 'SYSTEM', 'f2f00000-0000-4000-8000-000000000018', '2026-05-07 17:00:00', 'OUT', 'DEVICE', 'f0f00000-0000-4000-8000-000000000002', NULL, '10.0.0.4', 'KIOSK', -16.500000, -68.150000, 15.0, '001', TRUE, 'OK', FALSE, NULL, NULL, FALSE),
                                                                                                                                                                                                                                                                                                                                                                                             ('f3f00000-0000-4000-8000-000000000037', 0, 'e3a0937a-4ab7-47b2-ac7f-8d99d1469e8b', '2026-05-24 09:00:00', 'SYSTEM', '2026-05-24 09:00:00', 'SYSTEM', 'f2f00000-0000-4000-8000-000000000019', '2026-05-08 09:00:00', 'IN', 'DEVICE', 'f0f00000-0000-4000-8000-000000000002', NULL, '10.0.0.4', 'KIOSK', -16.500000, -68.150000, 15.0, '001', TRUE, 'OK', FALSE, NULL, NULL, FALSE),
                                                                                                                                                                                                                                                                                                                                                                                             ('f3f00000-0000-4000-8000-000000000038', 0, 'e3a0937a-4ab7-47b2-ac7f-8d99d1469e8b', '2026-05-24 09:00:00', 'SYSTEM', '2026-05-24 09:00:00', 'SYSTEM', 'f2f00000-0000-4000-8000-000000000019', '2026-05-08 17:00:00', 'OUT', 'DEVICE', 'f0f00000-0000-4000-8000-000000000002', NULL, '10.0.0.4', 'KIOSK', -16.500000, -68.150000, 15.0, '001', TRUE, 'OK', FALSE, NULL, NULL, FALSE),
                                                                                                                                                                                                                                                                                                                                                                                             ('f3f00000-0000-4000-8000-000000000039', 0, 'e3a0937a-4ab7-47b2-ac7f-8d99d1469e8b', '2026-05-24 09:00:00', 'SYSTEM', '2026-05-24 09:00:00', 'SYSTEM', 'f2f00000-0000-4000-8000-000000000020', '2026-05-09 09:00:00', 'IN', 'DEVICE', 'f0f00000-0000-4000-8000-000000000002', NULL, '10.0.0.4', 'KIOSK', -16.500000, -68.150000, 15.0, '001', TRUE, 'OK', FALSE, NULL, NULL, FALSE),
                                                                                                                                                                                                                                                                                                                                                                                             ('f3f00000-0000-4000-8000-000000000040', 0, 'e3a0937a-4ab7-47b2-ac7f-8d99d1469e8b', '2026-05-24 09:00:00', 'SYSTEM', '2026-05-24 09:00:00', 'SYSTEM', 'f2f00000-0000-4000-8000-000000000020', '2026-05-09 17:00:00', 'OUT', 'DEVICE', 'f0f00000-0000-4000-8000-000000000002', NULL, '10.0.0.4', 'KIOSK', -16.500000, -68.150000, 15.0, '001', TRUE, 'OK', FALSE, NULL, NULL, FALSE)
    ON CONFLICT DO NOTHING;

-- 7) Time deviations (1 per ledger)
INSERT INTO time_deviation_record (deviation_id, version, tenant_id, created_at, created_by, last_modified_at, last_modified_by, ledger_id, deviation_type, deviation_minutes, resolution_status, detected_at, resolved_at, resolved_by, reason_note, secondary_approver_id) VALUES
                                                                                                                                                                                                                                                                                 ('f4f00000-0000-4000-8000-000000000001', 0, 'e3a0937a-4ab7-47b2-ac7f-8d99d1469e8b', '2026-05-24 09:00:00', 'SYSTEM', '2026-05-24 09:00:00', 'SYSTEM', 'f2f00000-0000-4000-8000-000000000001', 'NONE', 0, 'CLOSED', '2026-05-05 18:10:00', '2026-05-05 18:20:00', NULL, NULL, NULL),
                                                                                                                                                                                                                                                                                 ('f4f00000-0000-4000-8000-000000000002', 0, 'e3a0937a-4ab7-47b2-ac7f-8d99d1469e8b', '2026-05-24 09:00:00', 'SYSTEM', '2026-05-24 09:00:00', 'SYSTEM', 'f2f00000-0000-4000-8000-000000000002', 'LATE_ARRIVAL', 2, 'RESOLVED', '2026-05-06 18:10:00', '2026-05-06 18:30:00', NULL, 'Minor delay', NULL),
                                                                                                                                                                                                                                                                                 ('f4f00000-0000-4000-8000-000000000003', 0, 'e3a0937a-4ab7-47b2-ac7f-8d99d1469e8b', '2026-05-24 09:00:00', 'SYSTEM', '2026-05-24 09:00:00', 'SYSTEM', 'f2f00000-0000-4000-8000-000000000003', 'NONE', 0, 'CLOSED', '2026-05-07 18:10:00', '2026-05-07 18:20:00', NULL, NULL, NULL),
                                                                                                                                                                                                                                                                                 ('f4f00000-0000-4000-8000-000000000004', 0, 'e3a0937a-4ab7-47b2-ac7f-8d99d1469e8b', '2026-05-24 09:00:00', 'SYSTEM', '2026-05-24 09:00:00', 'SYSTEM', 'f2f00000-0000-4000-8000-000000000004', 'ABSENCE', 480, 'RESOLVED', '2026-05-08 18:10:00', '2026-05-08 18:30:00', NULL, 'Unjustified absence', NULL),
                                                                                                                                                                                                                                                                                 ('f4f00000-0000-4000-8000-000000000005', 0, 'e3a0937a-4ab7-47b2-ac7f-8d99d1469e8b', '2026-05-24 09:00:00', 'SYSTEM', '2026-05-24 09:00:00', 'SYSTEM', 'f2f00000-0000-4000-8000-000000000005', 'ABSENCE', 480, 'RESOLVED', '2026-05-09 18:10:00', '2026-05-09 18:30:00', NULL, 'Unjustified absence', NULL),

                                                                                                                                                                                                                                                                                 ('f4f00000-0000-4000-8000-000000000006', 0, 'e3a0937a-4ab7-47b2-ac7f-8d99d1469e8b', '2026-05-24 09:00:00', 'SYSTEM', '2026-05-24 09:00:00', 'SYSTEM', 'f2f00000-0000-4000-8000-000000000006', 'NONE', 0, 'CLOSED', '2026-05-05 18:10:00', '2026-05-05 18:20:00', NULL, NULL, NULL),
                                                                                                                                                                                                                                                                                 ('f4f00000-0000-4000-8000-000000000007', 0, 'e3a0937a-4ab7-47b2-ac7f-8d99d1469e8b', '2026-05-24 09:00:00', 'SYSTEM', '2026-05-24 09:00:00', 'SYSTEM', 'f2f00000-0000-4000-8000-000000000007', 'LATE_ARRIVAL', 3, 'RESOLVED', '2026-05-06 18:10:00', '2026-05-06 18:30:00', NULL, 'Minor delay', NULL),
                                                                                                                                                                                                                                                                                 ('f4f00000-0000-4000-8000-000000000008', 0, 'e3a0937a-4ab7-47b2-ac7f-8d99d1469e8b', '2026-05-24 09:00:00', 'SYSTEM', '2026-05-24 09:00:00', 'SYSTEM', 'f2f00000-0000-4000-8000-000000000008', 'NONE', 0, 'CLOSED', '2026-05-07 18:10:00', '2026-05-07 18:20:00', NULL, NULL, NULL),
                                                                                                                                                                                                                                                                                 ('f4f00000-0000-4000-8000-000000000009', 0, 'e3a0937a-4ab7-47b2-ac7f-8d99d1469e8b', '2026-05-24 09:00:00', 'SYSTEM', '2026-05-24 09:00:00', 'SYSTEM', 'f2f00000-0000-4000-8000-000000000009', 'ABSENCE', 480, 'RESOLVED', '2026-05-08 18:10:00', '2026-05-08 18:30:00', NULL, 'Unjustified absence', NULL),
                                                                                                                                                                                                                                                                                 ('f4f00000-0000-4000-8000-000000000010', 0, 'e3a0937a-4ab7-47b2-ac7f-8d99d1469e8b', '2026-05-24 09:00:00', 'SYSTEM', '2026-05-24 09:00:00', 'SYSTEM', 'f2f00000-0000-4000-8000-000000000010', 'ABSENCE', 480, 'RESOLVED', '2026-05-09 18:10:00', '2026-05-09 18:30:00', NULL, 'Unjustified absence', NULL),

                                                                                                                                                                                                                                                                                 ('f4f00000-0000-4000-8000-000000000011', 0, 'e3a0937a-4ab7-47b2-ac7f-8d99d1469e8b', '2026-05-24 09:00:00', 'SYSTEM', '2026-05-24 09:00:00', 'SYSTEM', 'f2f00000-0000-4000-8000-000000000011', 'NONE', 0, 'CLOSED', '2026-05-05 18:10:00', '2026-05-05 18:20:00', NULL, NULL, NULL),
                                                                                                                                                                                                                                                                                 ('f4f00000-0000-4000-8000-000000000012', 0, 'e3a0937a-4ab7-47b2-ac7f-8d99d1469e8b', '2026-05-24 09:00:00', 'SYSTEM', '2026-05-24 09:00:00', 'SYSTEM', 'f2f00000-0000-4000-8000-000000000012', 'LATE_ARRIVAL', 1, 'RESOLVED', '2026-05-06 18:10:00', '2026-05-06 18:20:00', NULL, 'Minor delay', NULL),
                                                                                                                                                                                                                                                                                 ('f4f00000-0000-4000-8000-000000000013', 0, 'e3a0937a-4ab7-47b2-ac7f-8d99d1469e8b', '2026-05-24 09:00:00', 'SYSTEM', '2026-05-24 09:00:00', 'SYSTEM', 'f2f00000-0000-4000-8000-000000000013', 'NONE', 0, 'CLOSED', '2026-05-07 18:10:00', '2026-05-07 18:20:00', NULL, NULL, NULL),
                                                                                                                                                                                                                                                                                 ('f4f00000-0000-4000-8000-000000000014', 0, 'e3a0937a-4ab7-47b2-ac7f-8d99d1469e8b', '2026-05-24 09:00:00', 'SYSTEM', '2026-05-24 09:00:00', 'SYSTEM', 'f2f00000-0000-4000-8000-000000000014', 'ABSENCE', 480, 'RESOLVED', '2026-05-08 18:10:00', '2026-05-08 18:30:00', NULL, 'Unjustified absence', NULL),
                                                                                                                                                                                                                                                                                 ('f4f00000-0000-4000-8000-000000000015', 0, 'e3a0937a-4ab7-47b2-ac7f-8d99d1469e8b', '2026-05-24 09:00:00', 'SYSTEM', '2026-05-24 09:00:00', 'SYSTEM', 'f2f00000-0000-4000-8000-000000000015', 'ABSENCE', 480, 'RESOLVED', '2026-05-09 18:10:00', '2026-05-09 18:30:00', NULL, 'Unjustified absence', NULL),

                                                                                                                                                                                                                                                                                 ('f4f00000-0000-4000-8000-000000000016', 0, 'e3a0937a-4ab7-47b2-ac7f-8d99d1469e8b', '2026-05-24 09:00:00', 'SYSTEM', '2026-05-24 09:00:00', 'SYSTEM', 'f2f00000-0000-4000-8000-000000000016', 'NONE', 0, 'CLOSED', '2026-05-05 18:10:00', '2026-05-05 18:20:00', NULL, NULL, NULL),
                                                                                                                                                                                                                                                                                 ('f4f00000-0000-4000-8000-000000000017', 0, 'e3a0937a-4ab7-47b2-ac7f-8d99d1469e8b', '2026-05-24 09:00:00', 'SYSTEM', '2026-05-24 09:00:00', 'SYSTEM', 'f2f00000-0000-4000-8000-000000000017', 'LATE_ARRIVAL', 4, 'RESOLVED', '2026-05-06 18:10:00', '2026-05-06 18:40:00', NULL, 'Minor delay', NULL),
                                                                                                                                                                                                                                                                                 ('f4f00000-0000-4000-8000-000000000018', 0, 'e3a0937a-4ab7-47b2-ac7f-8d99d1469e8b', '2026-05-24 09:00:00', 'SYSTEM', '2026-05-24 09:00:00', 'SYSTEM', 'f2f00000-0000-4000-8000-000000000018', 'NONE', 0, 'CLOSED', '2026-05-07 18:10:00', '2026-05-07 18:20:00', NULL, NULL, NULL),
                                                                                                                                                                                                                                                                                 ('f4f00000-0000-4000-8000-000000000019', 0, 'e3a0937a-4ab7-47b2-ac7f-8d99d1469e8b', '2026-05-24 09:00:00', 'SYSTEM', '2026-05-24 09:00:00', 'SYSTEM', 'f2f00000-0000-4000-8000-000000000019', 'ABSENCE', 480, 'RESOLVED', '2026-05-08 18:10:00', '2026-05-08 18:30:00', NULL, 'Unjustified absence', NULL),
                                                                                                                                                                                                                                                                                 ('f4f00000-0000-4000-8000-000000000020', 0, 'e3a0937a-4ab7-47b2-ac7f-8d99d1469e8b', '2026-05-24 09:00:00', 'SYSTEM', '2026-05-24 09:00:00', 'SYSTEM', 'f2f00000-0000-4000-8000-000000000020', 'ABSENCE', 480, 'RESOLVED', '2026-05-09 18:10:00', '2026-05-09 18:30:00', NULL, 'Unjustified absence', NULL)
    ON CONFLICT DO NOTHING;