-- Flyway Migration: V20260524190400__seed_scheduling_data
-- Description: Seed scheduling data.

-- 1) Reference tables
INSERT INTO prl_bank_entity (bank_entity_id, version, tenant_id, created_at, created_by, last_modified_at, last_modified_by, bank_code, name, file_format) VALUES
    ('d9d00000-0000-4000-8000-000000000001', 0, 'e3a0937a-4ab7-47b2-ac7f-8d99d1469e8b', '2026-05-24 09:00:00', 'SYSTEM', '2026-05-24 09:00:00', 'SYSTEM', 'BNB', 'Banco Nacional de Bolivia', 'ACH-STD')
    ON CONFLICT (bank_entity_id) DO NOTHING;

INSERT INTO prl_payroll_group (group_id, version, tenant_id, created_at, created_by, last_modified_at, last_modified_by, group_code, type_code, description) VALUES
    ('d9d00000-0000-4000-8000-000000000002', 0, 'e3a0937a-4ab7-47b2-ac7f-8d99d1469e8b', '2026-05-24 09:00:00', 'SYSTEM', '2026-05-24 09:00:00', 'SYSTEM', 'MONTHLY', 'REGULAR', 'Monthly payroll group')
    ON CONFLICT (group_id) DO NOTHING;

INSERT INTO prl_payment_method (payment_method_id, version, tenant_id, created_at, created_by, last_modified_at, last_modified_by, channel, is_default) VALUES
    ('d9d00000-0000-4000-8000-000000000003', 0, 'e3a0937a-4ab7-47b2-ac7f-8d99d1469e8b', '2026-05-24 09:00:00', 'SYSTEM', '2026-05-24 09:00:00', 'SYSTEM', 'BANK_TRANSFER', TRUE)
    ON CONFLICT (payment_method_id) DO NOTHING;

-- 2) Payroll periods (Jan-May 2026)
INSERT INTO prl_payroll_period (period_id, version, tenant_id, created_at, created_by, last_modified_at, last_modified_by, month, year, cutoff_date, status, holiday_calendar_ref) VALUES
    ('d1d00000-0000-4000-8000-000000000001', 0, 'e3a0937a-4ab7-47b2-ac7f-8d99d1469e8b', '2026-05-24 09:00:00', 'SYSTEM', '2026-05-24 09:00:00', 'SYSTEM', 1, 2026, '2026-01-31', 'CLOSED', 'c5c00000-0000-4000-8000-000000000001'),
    ('d1d00000-0000-4000-8000-000000000002', 0, 'e3a0937a-4ab7-47b2-ac7f-8d99d1469e8b', '2026-05-24 09:00:00', 'SYSTEM', '2026-05-24 09:00:00', 'SYSTEM', 2, 2026, '2026-02-28', 'CLOSED', 'c5c00000-0000-4000-8000-000000000001'),
    ('d1d00000-0000-4000-8000-000000000003', 0, 'e3a0937a-4ab7-47b2-ac7f-8d99d1469e8b', '2026-05-24 09:00:00', 'SYSTEM', '2026-05-24 09:00:00', 'SYSTEM', 3, 2026, '2026-03-31', 'CLOSED', 'c5c00000-0000-4000-8000-000000000001'),
    ('d1d00000-0000-4000-8000-000000000004', 0, 'e3a0937a-4ab7-47b2-ac7f-8d99d1469e8b', '2026-05-24 09:00:00', 'SYSTEM', '2026-05-24 09:00:00', 'SYSTEM', 4, 2026, '2026-04-30', 'CLOSED', 'c5c00000-0000-4000-8000-000000000001'),
    ('d1d00000-0000-4000-8000-000000000005', 0, 'e3a0937a-4ab7-47b2-ac7f-8d99d1469e8b', '2026-05-24 09:00:00', 'SYSTEM', '2026-05-24 09:00:00', 'SYSTEM', 5, 2026, '2026-05-31', 'CLOSED', 'c5c00000-0000-4000-8000-000000000001')
    ON CONFLICT (period_id) DO NOTHING;

-- 3) Payroll runs
INSERT INTO prl_payroll_run (payroll_run_id, version, tenant_id, created_at, created_by, last_modified_at, last_modified_by, period_ref, group_ref, run_type, status) VALUES
    ('d2d00000-0000-4000-8000-000000000001', 0, 'e3a0937a-4ab7-47b2-ac7f-8d99d1469e8b', '2026-05-24 09:00:00', 'SYSTEM', '2026-05-24 09:00:00', 'SYSTEM', 'd1d00000-0000-4000-8000-000000000001', 'd9d00000-0000-4000-8000-000000000002', 'REGULAR', 'CLOSED'),
    ('d2d00000-0000-4000-8000-000000000002', 0, 'e3a0937a-4ab7-47b2-ac7f-8d99d1469e8b', '2026-05-24 09:00:00', 'SYSTEM', '2026-05-24 09:00:00', 'SYSTEM', 'd1d00000-0000-4000-8000-000000000002', 'd9d00000-0000-4000-8000-000000000002', 'REGULAR', 'CLOSED'),
    ('d2d00000-0000-4000-8000-000000000003', 0, 'e3a0937a-4ab7-47b2-ac7f-8d99d1469e8b', '2026-05-24 09:00:00', 'SYSTEM', '2026-05-24 09:00:00', 'SYSTEM', 'd1d00000-0000-4000-8000-000000000003', 'd9d00000-0000-4000-8000-000000000002', 'REGULAR', 'CLOSED'),
    ('d2d00000-0000-4000-8000-000000000004', 0, 'e3a0937a-4ab7-47b2-ac7f-8d99d1469e8b', '2026-05-24 09:00:00', 'SYSTEM', '2026-05-24 09:00:00', 'SYSTEM', 'd1d00000-0000-4000-8000-000000000004', 'd9d00000-0000-4000-8000-000000000002', 'REGULAR', 'CLOSED'),
    ('d2d00000-0000-4000-8000-000000000005', 0, 'e3a0937a-4ab7-47b2-ac7f-8d99d1469e8b', '2026-05-24 09:00:00', 'SYSTEM', '2026-05-24 09:00:00', 'SYSTEM', 'd1d00000-0000-4000-8000-000000000005', 'd9d00000-0000-4000-8000-000000000002', 'REGULAR', 'CLOSED')
    ON CONFLICT (payroll_run_id) DO NOTHING;

-- 4) Payroll lines (4 employees x 5 periods = 20)
INSERT INTO prl_payroll_line (line_id, version, tenant_id, created_at, created_by, last_modified_at, last_modified_by, run_id, employee_id, basic_salary, total_earned, rc_iva_retained, gestora_retained, other_deductions, net_payable, seniority_bonus, infocal_retained, fiscal_credit) VALUES
    ('d3d00000-0000-4000-8000-000000000101', 0, 'e3a0937a-4ab7-47b2-ac7f-8d99d1469e8b', '2026-05-24 09:00:00', 'SYSTEM', '2026-05-24 09:00:00', 'SYSTEM', 'd2d00000-0000-4000-8000-000000000001', '9f9a6f1a-2a1d-4a61-9a1b-200000000002', 7000, 7300, 180, 350, 70, 6650, 300, 50, 120),
    ('d3d00000-0000-4000-8000-000000000102', 0, 'e3a0937a-4ab7-47b2-ac7f-8d99d1469e8b', '2026-05-24 09:00:00', 'SYSTEM', '2026-05-24 09:00:00', 'SYSTEM', 'd2d00000-0000-4000-8000-000000000001', '9f9a6f1a-2a1d-4a61-9a1b-200000000003', 6500, 6700, 150, 325, 60, 6320, 200, 45, 110),
    ('d3d00000-0000-4000-8000-000000000103', 0, 'e3a0937a-4ab7-47b2-ac7f-8d99d1469e8b', '2026-05-24 09:00:00', 'SYSTEM', '2026-05-24 09:00:00', 'SYSTEM', 'd2d00000-0000-4000-8000-000000000001', '9f9a6f1a-2a1d-4a61-9a1b-200000000004', 6000, 6250, 130, 300, 50, 5880, 250, 40, 100),
    ('d3d00000-0000-4000-8000-000000000104', 0, 'e3a0937a-4ab7-47b2-ac7f-8d99d1469e8b', '2026-05-24 09:00:00', 'SYSTEM', '2026-05-24 09:00:00', 'SYSTEM', 'd2d00000-0000-4000-8000-000000000001', '9f9a6f1a-2a1d-4a61-9a1b-200000000005', 6800, 7080, 170, 340, 65, 6452, 280, 48, 115),

    ('d3d00000-0000-4000-8000-000000000105', 0, 'e3a0937a-4ab7-47b2-ac7f-8d99d1469e8b', '2026-05-24 09:00:00', 'SYSTEM', '2026-05-24 09:00:00', 'SYSTEM', 'd2d00000-0000-4000-8000-000000000002', '9f9a6f1a-2a1d-4a61-9a1b-200000000002', 7000, 7300, 180, 350, 70, 6650, 300, 50, 120),
    ('d3d00000-0000-4000-8000-000000000106', 0, 'e3a0937a-4ab7-47b2-ac7f-8d99d1469e8b', '2026-05-24 09:00:00', 'SYSTEM', '2026-05-24 09:00:00', 'SYSTEM', 'd2d00000-0000-4000-8000-000000000002', '9f9a6f1a-2a1d-4a61-9a1b-200000000003', 6500, 6700, 150, 325, 60, 6320, 200, 45, 110),
    ('d3d00000-0000-4000-8000-000000000107', 0, 'e3a0937a-4ab7-47b2-ac7f-8d99d1469e8b', '2026-05-24 09:00:00', 'SYSTEM', '2026-05-24 09:00:00', 'SYSTEM', 'd2d00000-0000-4000-8000-000000000002', '9f9a6f1a-2a1d-4a61-9a1b-200000000004', 6000, 6250, 130, 300, 50, 5880, 250, 40, 100),
    ('d3d00000-0000-4000-8000-000000000108', 0, 'e3a0937a-4ab7-47b2-ac7f-8d99d1469e8b', '2026-05-24 09:00:00', 'SYSTEM', '2026-05-24 09:00:00', 'SYSTEM', 'd2d00000-0000-4000-8000-000000000002', '9f9a6f1a-2a1d-4a61-9a1b-200000000005', 6800, 7080, 170, 340, 65, 6452, 280, 48, 115),

    ('d3d00000-0000-4000-8000-000000000109', 0, 'e3a0937a-4ab7-47b2-ac7f-8d99d1469e8b', '2026-05-24 09:00:00', 'SYSTEM', '2026-05-24 09:00:00', 'SYSTEM', 'd2d00000-0000-4000-8000-000000000003', '9f9a6f1a-2a1d-4a61-9a1b-200000000002', 7000, 7300, 180, 350, 70, 6650, 300, 50, 120),
    ('d3d00000-0000-4000-8000-000000000110', 0, 'e3a0937a-4ab7-47b2-ac7f-8d99d1469e8b', '2026-05-24 09:00:00', 'SYSTEM', '2026-05-24 09:00:00', 'SYSTEM', 'd2d00000-0000-4000-8000-000000000003', '9f9a6f1a-2a1d-4a61-9a1b-200000000003', 6500, 6700, 150, 325, 60, 6320, 200, 45, 110),
    ('d3d00000-0000-4000-8000-000000000111', 0, 'e3a0937a-4ab7-47b2-ac7f-8d99d1469e8b', '2026-05-24 09:00:00', 'SYSTEM', '2026-05-24 09:00:00', 'SYSTEM', 'd2d00000-0000-4000-8000-000000000003', '9f9a6f1a-2a1d-4a61-9a1b-200000000004', 6000, 6250, 130, 300, 50, 5880, 250, 40, 100),
    ('d3d00000-0000-4000-8000-000000000112', 0, 'e3a0937a-4ab7-47b2-ac7f-8d99d1469e8b', '2026-05-24 09:00:00', 'SYSTEM', '2026-05-24 09:00:00', 'SYSTEM', 'd2d00000-0000-4000-8000-000000000003', '9f9a6f1a-2a1d-4a61-9a1b-200000000005', 6800, 7080, 170, 340, 65, 6452, 280, 48, 115),

    ('d3d00000-0000-4000-8000-000000000113', 0, 'e3a0937a-4ab7-47b2-ac7f-8d99d1469e8b', '2026-05-24 09:00:00', 'SYSTEM', '2026-05-24 09:00:00', 'SYSTEM', 'd2d00000-0000-4000-8000-000000000004', '9f9a6f1a-2a1d-4a61-9a1b-200000000002', 7000, 7300, 180, 350, 70, 6650, 300, 50, 120),
    ('d3d00000-0000-4000-8000-000000000114', 0, 'e3a0937a-4ab7-47b2-ac7f-8d99d1469e8b', '2026-05-24 09:00:00', 'SYSTEM', '2026-05-24 09:00:00', 'SYSTEM', 'd2d00000-0000-4000-8000-000000000004', '9f9a6f1a-2a1d-4a61-9a1b-200000000003', 6500, 6700, 150, 325, 60, 6320, 200, 45, 110),
    ('d3d00000-0000-4000-8000-000000000115', 0, 'e3a0937a-4ab7-47b2-ac7f-8d99d1469e8b', '2026-05-24 09:00:00', 'SYSTEM', '2026-05-24 09:00:00', 'SYSTEM', 'd2d00000-0000-4000-8000-000000000004', '9f9a6f1a-2a1d-4a61-9a1b-200000000004', 6000, 6250, 130, 300, 50, 5880, 250, 40, 100),
    ('d3d00000-0000-4000-8000-000000000116', 0, 'e3a0937a-4ab7-47b2-ac7f-8d99d1469e8b', '2026-05-24 09:00:00', 'SYSTEM', '2026-05-24 09:00:00', 'SYSTEM', 'd2d00000-0000-4000-8000-000000000004', '9f9a6f1a-2a1d-4a61-9a1b-200000000005', 6800, 7080, 170, 340, 65, 6452, 280, 48, 115),

    ('d3d00000-0000-4000-8000-000000000117', 0, 'e3a0937a-4ab7-47b2-ac7f-8d99d1469e8b', '2026-05-24 09:00:00', 'SYSTEM', '2026-05-24 09:00:00', 'SYSTEM', 'd2d00000-0000-4000-8000-000000000005', '9f9a6f1a-2a1d-4a61-9a1b-200000000002', 7000, 7300, 180, 350, 70, 6650, 300, 50, 120),
    ('d3d00000-0000-4000-8000-000000000118', 0, 'e3a0937a-4ab7-47b2-ac7f-8d99d1469e8b', '2026-05-24 09:00:00', 'SYSTEM', '2026-05-24 09:00:00', 'SYSTEM', 'd2d00000-0000-4000-8000-000000000005', '9f9a6f1a-2a1d-4a61-9a1b-200000000003', 6500, 6700, 150, 325, 60, 6320, 200, 45, 110),
    ('d3d00000-0000-4000-8000-000000000119', 0, 'e3a0937a-4ab7-47b2-ac7f-8d99d1469e8b', '2026-05-24 09:00:00', 'SYSTEM', '2026-05-24 09:00:00', 'SYSTEM', 'd2d00000-0000-4000-8000-000000000005', '9f9a6f1a-2a1d-4a61-9a1b-200000000004', 6000, 6250, 130, 300, 50, 5880, 250, 40, 100),
    ('d3d00000-0000-4000-8000-000000000120', 0, 'e3a0937a-4ab7-47b2-ac7f-8d99d1469e8b', '2026-05-24 09:00:00', 'SYSTEM', '2026-05-24 09:00:00', 'SYSTEM', 'd2d00000-0000-4000-8000-000000000005', '9f9a6f1a-2a1d-4a61-9a1b-200000000005', 6800, 7080, 170, 340, 65, 6452, 280, 48, 115)
    ON CONFLICT (line_id) DO NOTHING;

-- 5) Income and deductions (1 per employee per period = 20 each)
INSERT INTO prl_income_record (income_record_id, version, tenant_id, created_at, created_by, last_modified_at, last_modified_by, employee_id, period_ref, income_type, amount, is_automatic) VALUES
    ('d4d00000-0000-4000-8000-000000000101', 0, 'e3a0937a-4ab7-47b2-ac7f-8d99d1469e8b', '2026-05-24 09:00:00', 'SYSTEM', '2026-05-24 09:00:00', 'SYSTEM', '9f9a6f1a-2a1d-4a61-9a1b-200000000002', 'd1d00000-0000-4000-8000-000000000001', 'BASIC_SALARY', 7000, TRUE),
    ('d4d00000-0000-4000-8000-000000000102', 0, 'e3a0937a-4ab7-47b2-ac7f-8d99d1469e8b', '2026-05-24 09:00:00', 'SYSTEM', '2026-05-24 09:00:00', 'SYSTEM', '9f9a6f1a-2a1d-4a61-9a1b-200000000003', 'd1d00000-0000-4000-8000-000000000001', 'BASIC_SALARY', 6500, TRUE),
    ('d4d00000-0000-4000-8000-000000000103', 0, 'e3a0937a-4ab7-47b2-ac7f-8d99d1469e8b', '2026-05-24 09:00:00', 'SYSTEM', '2026-05-24 09:00:00', 'SYSTEM', '9f9a6f1a-2a1d-4a61-9a1b-200000000004', 'd1d00000-0000-4000-8000-000000000001', 'BASIC_SALARY', 6000, TRUE),
    ('d4d00000-0000-4000-8000-000000000104', 0, 'e3a0937a-4ab7-47b2-ac7f-8d99d1469e8b', '2026-05-24 09:00:00', 'SYSTEM', '2026-05-24 09:00:00', 'SYSTEM', '9f9a6f1a-2a1d-4a61-9a1b-200000000005', 'd1d00000-0000-4000-8000-000000000001', 'BASIC_SALARY', 6800, TRUE),

    ('d4d00000-0000-4000-8000-000000000105', 0, 'e3a0937a-4ab7-47b2-ac7f-8d99d1469e8b', '2026-05-24 09:00:00', 'SYSTEM', '2026-05-24 09:00:00', 'SYSTEM', '9f9a6f1a-2a1d-4a61-9a1b-200000000002', 'd1d00000-0000-4000-8000-000000000002', 'BASIC_SALARY', 7000, TRUE),
    ('d4d00000-0000-4000-8000-000000000106', 0, 'e3a0937a-4ab7-47b2-ac7f-8d99d1469e8b', '2026-05-24 09:00:00', 'SYSTEM', '2026-05-24 09:00:00', 'SYSTEM', '9f9a6f1a-2a1d-4a61-9a1b-200000000003', 'd1d00000-0000-4000-8000-000000000002', 'BASIC_SALARY', 6500, TRUE),
    ('d4d00000-0000-4000-8000-000000000107', 0, 'e3a0937a-4ab7-47b2-ac7f-8d99d1469e8b', '2026-05-24 09:00:00', 'SYSTEM', '2026-05-24 09:00:00', 'SYSTEM', '9f9a6f1a-2a1d-4a61-9a1b-200000000004', 'd1d00000-0000-4000-8000-000000000002', 'BASIC_SALARY', 6000, TRUE),
    ('d4d00000-0000-4000-8000-000000000108', 0, 'e3a0937a-4ab7-47b2-ac7f-8d99d1469e8b', '2026-05-24 09:00:00', 'SYSTEM', '2026-05-24 09:00:00', 'SYSTEM', '9f9a6f1a-2a1d-4a61-9a1b-200000000005', 'd1d00000-0000-4000-8000-000000000002', 'BASIC_SALARY', 6800, TRUE),

    ('d4d00000-0000-4000-8000-000000000109', 0, 'e3a0937a-4ab7-47b2-ac7f-8d99d1469e8b', '2026-05-24 09:00:00', 'SYSTEM', '2026-05-24 09:00:00', 'SYSTEM', '9f9a6f1a-2a1d-4a61-9a1b-200000000002', 'd1d00000-0000-4000-8000-000000000003', 'BASIC_SALARY', 7000, TRUE),
    ('d4d00000-0000-4000-8000-000000000110', 0, 'e3a0937a-4ab7-47b2-ac7f-8d99d1469e8b', '2026-05-24 09:00:00', 'SYSTEM', '2026-05-24 09:00:00', 'SYSTEM', '9f9a6f1a-2a1d-4a61-9a1b-200000000003', 'd1d00000-0000-4000-8000-000000000003', 'BASIC_SALARY', 6500, TRUE),
    ('d4d00000-0000-4000-8000-000000000111', 0, 'e3a0937a-4ab7-47b2-ac7f-8d99d1469e8b', '2026-05-24 09:00:00', 'SYSTEM', '2026-05-24 09:00:00', 'SYSTEM', '9f9a6f1a-2a1d-4a61-9a1b-200000000004', 'd1d00000-0000-4000-8000-000000000003', 'BASIC_SALARY', 6000, TRUE),
    ('d4d00000-0000-4000-8000-000000000112', 0, 'e3a0937a-4ab7-47b2-ac7f-8d99d1469e8b', '2026-05-24 09:00:00', 'SYSTEM', '2026-05-24 09:00:00', 'SYSTEM', '9f9a6f1a-2a1d-4a61-9a1b-200000000005', 'd1d00000-0000-4000-8000-000000000003', 'BASIC_SALARY', 6800, TRUE),

    ('d4d00000-0000-4000-8000-000000000113', 0, 'e3a0937a-4ab7-47b2-ac7f-8d99d1469e8b', '2026-05-24 09:00:00', 'SYSTEM', '2026-05-24 09:00:00', 'SYSTEM', '9f9a6f1a-2a1d-4a61-9a1b-200000000002', 'd1d00000-0000-4000-8000-000000000004', 'BASIC_SALARY', 7000, TRUE),
    ('d4d00000-0000-4000-8000-000000000114', 0, 'e3a0937a-4ab7-47b2-ac7f-8d99d1469e8b', '2026-05-24 09:00:00', 'SYSTEM', '2026-05-24 09:00:00', 'SYSTEM', '9f9a6f1a-2a1d-4a61-9a1b-200000000003', 'd1d00000-0000-4000-8000-000000000004', 'BASIC_SALARY', 6500, TRUE),
    ('d4d00000-0000-4000-8000-000000000115', 0, 'e3a0937a-4ab7-47b2-ac7f-8d99d1469e8b', '2026-05-24 09:00:00', 'SYSTEM', '2026-05-24 09:00:00', 'SYSTEM', '9f9a6f1a-2a1d-4a61-9a1b-200000000004', 'd1d00000-0000-4000-8000-000000000004', 'BASIC_SALARY', 6000, TRUE),
    ('d4d00000-0000-4000-8000-000000000116', 0, 'e3a0937a-4ab7-47b2-ac7f-8d99d1469e8b', '2026-05-24 09:00:00', 'SYSTEM', '2026-05-24 09:00:00', 'SYSTEM', '9f9a6f1a-2a1d-4a61-9a1b-200000000005', 'd1d00000-0000-4000-8000-000000000004', 'BASIC_SALARY', 6800, TRUE),

    ('d4d00000-0000-4000-8000-000000000117', 0, 'e3a0937a-4ab7-47b2-ac7f-8d99d1469e8b', '2026-05-24 09:00:00', 'SYSTEM', '2026-05-24 09:00:00', 'SYSTEM', '9f9a6f1a-2a1d-4a61-9a1b-200000000002', 'd1d00000-0000-4000-8000-000000000005', 'BASIC_SALARY', 7000, TRUE),
    ('d4d00000-0000-4000-8000-000000000118', 0, 'e3a0937a-4ab7-47b2-ac7f-8d99d1469e8b', '2026-05-24 09:00:00', 'SYSTEM', '2026-05-24 09:00:00', 'SYSTEM', '9f9a6f1a-2a1d-4a61-9a1b-200000000003', 'd1d00000-0000-4000-8000-000000000005', 'BASIC_SALARY', 6500, TRUE),
    ('d4d00000-0000-4000-8000-000000000119', 0, 'e3a0937a-4ab7-47b2-ac7f-8d99d1469e8b', '2026-05-24 09:00:00', 'SYSTEM', '2026-05-24 09:00:00', 'SYSTEM', '9f9a6f1a-2a1d-4a61-9a1b-200000000004', 'd1d00000-0000-4000-8000-000000000005', 'BASIC_SALARY', 6000, TRUE),
    ('d4d00000-0000-4000-8000-000000000120', 0, 'e3a0937a-4ab7-47b2-ac7f-8d99d1469e8b', '2026-05-24 09:00:00', 'SYSTEM', '2026-05-24 09:00:00', 'SYSTEM', '9f9a6f1a-2a1d-4a61-9a1b-200000000005', 'd1d00000-0000-4000-8000-000000000005', 'BASIC_SALARY', 6800, TRUE)
    ON CONFLICT (income_record_id) DO NOTHING;

INSERT INTO prl_deduction_record (deduction_record_id, version, tenant_id, created_at, created_by, last_modified_at, last_modified_by, employee_id, period_ref, deduction_type, amount, is_automatic) VALUES
    ('d5d00000-0000-4000-8000-000000000101', 0, 'e3a0937a-4ab7-47b2-ac7f-8d99d1469e8b', '2026-05-24 09:00:00', 'SYSTEM', '2026-05-24 09:00:00', 'SYSTEM', '9f9a6f1a-2a1d-4a61-9a1b-200000000002', 'd1d00000-0000-4000-8000-000000000001', 'AFP', 350, TRUE),
    ('d5d00000-0000-4000-8000-000000000102', 0, 'e3a0937a-4ab7-47b2-ac7f-8d99d1469e8b', '2026-05-24 09:00:00', 'SYSTEM', '2026-05-24 09:00:00', 'SYSTEM', '9f9a6f1a-2a1d-4a61-9a1b-200000000003', 'd1d00000-0000-4000-8000-000000000001', 'AFP', 325, TRUE),
    ('d5d00000-0000-4000-8000-000000000103', 0, 'e3a0937a-4ab7-47b2-ac7f-8d99d1469e8b', '2026-05-24 09:00:00', 'SYSTEM', '2026-05-24 09:00:00', 'SYSTEM', '9f9a6f1a-2a1d-4a61-9a1b-200000000004', 'd1d00000-0000-4000-8000-000000000001', 'AFP', 300, TRUE),
    ('d5d00000-0000-4000-8000-000000000104', 0, 'e3a0937a-4ab7-47b2-ac7f-8d99d1469e8b', '2026-05-24 09:00:00', 'SYSTEM', '2026-05-24 09:00:00', 'SYSTEM', '9f9a6f1a-2a1d-4a61-9a1b-200000000005', 'd1d00000-0000-4000-8000-000000000001', 'AFP', 340, TRUE),

    ('d5d00000-0000-4000-8000-000000000105', 0, 'e3a0937a-4ab7-47b2-ac7f-8d99d1469e8b', '2026-05-24 09:00:00', 'SYSTEM', '2026-05-24 09:00:00', 'SYSTEM', '9f9a6f1a-2a1d-4a61-9a1b-200000000002', 'd1d00000-0000-4000-8000-000000000002', 'AFP', 350, TRUE),
    ('d5d00000-0000-4000-8000-000000000106', 0, 'e3a0937a-4ab7-47b2-ac7f-8d99d1469e8b', '2026-05-24 09:00:00', 'SYSTEM', '2026-05-24 09:00:00', 'SYSTEM', '9f9a6f1a-2a1d-4a61-9a1b-200000000003', 'd1d00000-0000-4000-8000-000000000002', 'AFP', 325, TRUE),
    ('d5d00000-0000-4000-8000-000000000107', 0, 'e3a0937a-4ab7-47b2-ac7f-8d99d1469e8b', '2026-05-24 09:00:00', 'SYSTEM', '2026-05-24 09:00:00', 'SYSTEM', '9f9a6f1a-2a1d-4a61-9a1b-200000000004', 'd1d00000-0000-4000-8000-000000000002', 'AFP', 300, TRUE),
    ('d5d00000-0000-4000-8000-000000000108', 0, 'e3a0937a-4ab7-47b2-ac7f-8d99d1469e8b', '2026-05-24 09:00:00', 'SYSTEM', '2026-05-24 09:00:00', 'SYSTEM', '9f9a6f1a-2a1d-4a61-9a1b-200000000005', 'd1d00000-0000-4000-8000-000000000002', 'AFP', 340, TRUE),

    ('d5d00000-0000-4000-8000-000000000109', 0, 'e3a0937a-4ab7-47b2-ac7f-8d99d1469e8b', '2026-05-24 09:00:00', 'SYSTEM', '2026-05-24 09:00:00', 'SYSTEM', '9f9a6f1a-2a1d-4a61-9a1b-200000000002', 'd1d00000-0000-4000-8000-000000000003', 'AFP', 350, TRUE),
    ('d5d00000-0000-4000-8000-000000000110', 0, 'e3a0937a-4ab7-47b2-ac7f-8d99d1469e8b', '2026-05-24 09:00:00', 'SYSTEM', '2026-05-24 09:00:00', 'SYSTEM', '9f9a6f1a-2a1d-4a61-9a1b-200000000003', 'd1d00000-0000-4000-8000-000000000003', 'AFP', 325, TRUE),
    ('d5d00000-0000-4000-8000-000000000111', 0, 'e3a0937a-4ab7-47b2-ac7f-8d99d1469e8b', '2026-05-24 09:00:00', 'SYSTEM', '2026-05-24 09:00:00', 'SYSTEM', '9f9a6f1a-2a1d-4a61-9a1b-200000000004', 'd1d00000-0000-4000-8000-000000000003', 'AFP', 300, TRUE),
    ('d5d00000-0000-4000-8000-000000000112', 0, 'e3a0937a-4ab7-47b2-ac7f-8d99d1469e8b', '2026-05-24 09:00:00', 'SYSTEM', '2026-05-24 09:00:00', 'SYSTEM', '9f9a6f1a-2a1d-4a61-9a1b-200000000005', 'd1d00000-0000-4000-8000-000000000003', 'AFP', 340, TRUE),

    ('d5d00000-0000-4000-8000-000000000113', 0, 'e3a0937a-4ab7-47b2-ac7f-8d99d1469e8b', '2026-05-24 09:00:00', 'SYSTEM', '2026-05-24 09:00:00', 'SYSTEM', '9f9a6f1a-2a1d-4a61-9a1b-200000000002', 'd1d00000-0000-4000-8000-000000000004', 'AFP', 350, TRUE),
    ('d5d00000-0000-4000-8000-000000000114', 0, 'e3a0937a-4ab7-47b2-ac7f-8d99d1469e8b', '2026-05-24 09:00:00', 'SYSTEM', '2026-05-24 09:00:00', 'SYSTEM', '9f9a6f1a-2a1d-4a61-9a1b-200000000003', 'd1d00000-0000-4000-8000-000000000004', 'AFP', 325, TRUE),
    ('d5d00000-0000-4000-8000-000000000115', 0, 'e3a0937a-4ab7-47b2-ac7f-8d99d1469e8b', '2026-05-24 09:00:00', 'SYSTEM', '2026-05-24 09:00:00', 'SYSTEM', '9f9a6f1a-2a1d-4a61-9a1b-200000000004', 'd1d00000-0000-4000-8000-000000000004', 'AFP', 300, TRUE),
    ('d5d00000-0000-4000-8000-000000000116', 0, 'e3a0937a-4ab7-47b2-ac7f-8d99d1469e8b', '2026-05-24 09:00:00', 'SYSTEM', '2026-05-24 09:00:00', 'SYSTEM', '9f9a6f1a-2a1d-4a61-9a1b-200000000005', 'd1d00000-0000-4000-8000-000000000004', 'AFP', 340, TRUE),

    ('d5d00000-0000-4000-8000-000000000117', 0, 'e3a0937a-4ab7-47b2-ac7f-8d99d1469e8b', '2026-05-24 09:00:00', 'SYSTEM', '2026-05-24 09:00:00', 'SYSTEM', '9f9a6f1a-2a1d-4a61-9a1b-200000000002', 'd1d00000-0000-4000-8000-000000000005', 'AFP', 350, TRUE),
    ('d5d00000-0000-4000-8000-000000000118', 0, 'e3a0937a-4ab7-47b2-ac7f-8d99d1469e8b', '2026-05-24 09:00:00', 'SYSTEM', '2026-05-24 09:00:00', 'SYSTEM', '9f9a6f1a-2a1d-4a61-9a1b-200000000003', 'd1d00000-0000-4000-8000-000000000005', 'AFP', 325, TRUE),
    ('d5d00000-0000-4000-8000-000000000119', 0, 'e3a0937a-4ab7-47b2-ac7f-8d99d1469e8b', '2026-05-24 09:00:00', 'SYSTEM', '2026-05-24 09:00:00', 'SYSTEM', '9f9a6f1a-2a1d-4a61-9a1b-200000000004', 'd1d00000-0000-4000-8000-000000000005', 'AFP', 300, TRUE),
    ('d5d00000-0000-4000-8000-000000000120', 0, 'e3a0937a-4ab7-47b2-ac7f-8d99d1469e8b', '2026-05-24 09:00:00', 'SYSTEM', '2026-05-24 09:00:00', 'SYSTEM', '9f9a6f1a-2a1d-4a61-9a1b-200000000005', 'd1d00000-0000-4000-8000-000000000005', 'AFP', 340, TRUE)
    ON CONFLICT (deduction_record_id) DO NOTHING;

-- 6) Approvals, closures, and dispersion
INSERT INTO prl_payroll_approval (payroll_approval_id, version, tenant_id, created_at, created_by, last_modified_at, last_modified_by, run_ref, status, creator_ref, reviewer_ref, approver_ref, sod_violation_flag) VALUES
    ('d6d00000-0000-4000-8000-000000000001', 0, 'e3a0937a-4ab7-47b2-ac7f-8d99d1469e8b', '2026-05-24 09:00:00', 'SYSTEM', '2026-05-24 09:00:00', 'SYSTEM', 'd2d00000-0000-4000-8000-000000000001', 'APPROVED', '8f9a6f1a-2a1d-4a61-9a1b-100000000001', '8f9a6f1a-2a1d-4a61-9a1b-100000000003', '8f9a6f1a-2a1d-4a61-9a1b-100000000002', FALSE),
    ('d6d00000-0000-4000-8000-000000000002', 0, 'e3a0937a-4ab7-47b2-ac7f-8d99d1469e8b', '2026-05-24 09:00:00', 'SYSTEM', '2026-05-24 09:00:00', 'SYSTEM', 'd2d00000-0000-4000-8000-000000000002', 'APPROVED', '8f9a6f1a-2a1d-4a61-9a1b-100000000001', '8f9a6f1a-2a1d-4a61-9a1b-100000000003', '8f9a6f1a-2a1d-4a61-9a1b-100000000002', FALSE),
    ('d6d00000-0000-4000-8000-000000000003', 0, 'e3a0937a-4ab7-47b2-ac7f-8d99d1469e8b', '2026-05-24 09:00:00', 'SYSTEM', '2026-05-24 09:00:00', 'SYSTEM', 'd2d00000-0000-4000-8000-000000000003', 'APPROVED', '8f9a6f1a-2a1d-4a61-9a1b-100000000001', '8f9a6f1a-2a1d-4a61-9a1b-100000000003', '8f9a6f1a-2a1d-4a61-9a1b-100000000002', FALSE),
    ('d6d00000-0000-4000-8000-000000000004', 0, 'e3a0937a-4ab7-47b2-ac7f-8d99d1469e8b', '2026-05-24 09:00:00', 'SYSTEM', '2026-05-24 09:00:00', 'SYSTEM', 'd2d00000-0000-4000-8000-000000000004', 'APPROVED', '8f9a6f1a-2a1d-4a61-9a1b-100000000001', '8f9a6f1a-2a1d-4a61-9a1b-100000000003', '8f9a6f1a-2a1d-4a61-9a1b-100000000002', FALSE),
    ('d6d00000-0000-4000-8000-000000000005', 0, 'e3a0937a-4ab7-47b2-ac7f-8d99d1469e8b', '2026-05-24 09:00:00', 'SYSTEM', '2026-05-24 09:00:00', 'SYSTEM', 'd2d00000-0000-4000-8000-000000000005', 'APPROVED', '8f9a6f1a-2a1d-4a61-9a1b-100000000001', '8f9a6f1a-2a1d-4a61-9a1b-100000000003', '8f9a6f1a-2a1d-4a61-9a1b-100000000002', FALSE)
    ON CONFLICT (payroll_approval_id) DO NOTHING;

INSERT INTO prl_payroll_closure (payroll_closure_id, version, tenant_id, created_at, created_by, last_modified_at, last_modified_by, run_ref, status, integrity_hash) VALUES
    ('d7d00000-0000-4000-8000-000000000001', 0, 'e3a0937a-4ab7-47b2-ac7f-8d99d1469e8b', '2026-05-24 09:00:00', 'SYSTEM', '2026-05-24 09:00:00', 'SYSTEM', 'd2d00000-0000-4000-8000-000000000001', 'CLOSED', 'HASH-JAN-2026'),
    ('d7d00000-0000-4000-8000-000000000002', 0, 'e3a0937a-4ab7-47b2-ac7f-8d99d1469e8b', '2026-05-24 09:00:00', 'SYSTEM', '2026-05-24 09:00:00', 'SYSTEM', 'd2d00000-0000-4000-8000-000000000002', 'CLOSED', 'HASH-FEB-2026'),
    ('d7d00000-0000-4000-8000-000000000003', 0, 'e3a0937a-4ab7-47b2-ac7f-8d99d1469e8b', '2026-05-24 09:00:00', 'SYSTEM', '2026-05-24 09:00:00', 'SYSTEM', 'd2d00000-0000-4000-8000-000000000003', 'CLOSED', 'HASH-MAR-2026'),
    ('d7d00000-0000-4000-8000-000000000004', 0, 'e3a0937a-4ab7-47b2-ac7f-8d99d1469e8b', '2026-05-24 09:00:00', 'SYSTEM', '2026-05-24 09:00:00', 'SYSTEM', 'd2d00000-0000-4000-8000-000000000004', 'CLOSED', 'HASH-APR-2026'),
    ('d7d00000-0000-4000-8000-000000000005', 0, 'e3a0937a-4ab7-47b2-ac7f-8d99d1469e8b', '2026-05-24 09:00:00', 'SYSTEM', '2026-05-24 09:00:00', 'SYSTEM', 'd2d00000-0000-4000-8000-000000000005', 'CLOSED', 'HASH-MAY-2026')
    ON CONFLICT (payroll_closure_id) DO NOTHING;

INSERT INTO prl_dispersion_file (dispersion_file_id, version, tenant_id, created_at, created_by, last_modified_at, last_modified_by, run_ref, bank_entity_ref, status, total_amount, record_count, file_hash) VALUES
    ('d8d00000-0000-4000-8000-000000000001', 0, 'e3a0937a-4ab7-47b2-ac7f-8d99d1469e8b', '2026-05-24 09:00:00', 'SYSTEM', '2026-05-24 09:00:00', 'SYSTEM', 'd2d00000-0000-4000-8000-000000000001', 'd9d00000-0000-4000-8000-000000000001', 'SENT', 25302, 4, 'FILEHASH-JAN-2026'),
    ('d8d00000-0000-4000-8000-000000000002', 0, 'e3a0937a-4ab7-47b2-ac7f-8d99d1469e8b', '2026-05-24 09:00:00', 'SYSTEM', '2026-05-24 09:00:00', 'SYSTEM', 'd2d00000-0000-4000-8000-000000000002', 'd9d00000-0000-4000-8000-000000000001', 'SENT', 25302, 4, 'FILEHASH-FEB-2026'),
    ('d8d00000-0000-4000-8000-000000000003', 0, 'e3a0937a-4ab7-47b2-ac7f-8d99d1469e8b', '2026-05-24 09:00:00', 'SYSTEM', '2026-05-24 09:00:00', 'SYSTEM', 'd2d00000-0000-4000-8000-000000000003', 'd9d00000-0000-4000-8000-000000000001', 'SENT', 25302, 4, 'FILEHASH-MAR-2026'),
    ('d8d00000-0000-4000-8000-000000000004', 0, 'e3a0937a-4ab7-47b2-ac7f-8d99d1469e8b', '2026-05-24 09:00:00', 'SYSTEM', '2026-05-24 09:00:00', 'SYSTEM', 'd2d00000-0000-4000-8000-000000000004', 'd9d00000-0000-4000-8000-000000000001', 'SENT', 25302, 4, 'FILEHASH-APR-2026'),
    ('d8d00000-0000-4000-8000-000000000005', 0, 'e3a0937a-4ab7-47b2-ac7f-8d99d1469e8b', '2026-05-24 09:00:00', 'SYSTEM', '2026-05-24 09:00:00', 'SYSTEM', 'd2d00000-0000-4000-8000-000000000005', 'd9d00000-0000-4000-8000-000000000001', 'SENT', 25302, 4, 'FILEHASH-MAY-2026')
    ON CONFLICT (dispersion_file_id) DO NOTHING;

