--------------------------------------------------------------------------------
-- 5. Dominio Scheduling
--------------------------------------------------------------------------------

-- Seed sch_schedule_plan (Operations unit_id, Mayo 2026: 2026-05-01 to 2026-05-31)
INSERT INTO sch_schedule_plan (plan_id, version, tenant_id, created_at, created_by, last_modified_at, last_modified_by, unit_id, period_start, period_end, status, total_projected_cost) VALUES
    ('51500000-0000-4000-8000-000000000001', 0, 'e3a0937a-4ab7-47b2-ac7f-8d99d1469e8b', '2026-05-24 09:00:00', 'SYSTEM', '2026-05-24 09:00:00', 'SYSTEM', 'b2b00000-0000-4000-8000-000000000002', '2026-05-01', '2026-05-31', 'APPROVED', 25000.00)
ON CONFLICT (plan_id) DO NOTHING;

-- Seed sch_assigned_shift, sch_attendance_record, and sch_time_entry for the 4 employees
-- for first week of May: 2026-05-05 to 2026-05-09 (Tuesday to Saturday)

-- Employee 2: Carlos Mendoza
INSERT INTO sch_assigned_shift (shift_id, version, tenant_id, created_at, created_by, last_modified_at, last_modified_by, plan_id, relationship_id, expected_start, expected_end, shift_type, is_active, metadata, violations) VALUES
                                                                                                                                                                                                                                   ('51500000-0000-4000-8000-000000000025', 0, 'e3a0937a-4ab7-47b2-ac7f-8d99d1469e8b', '2026-05-24 09:00:00', 'SYSTEM', '2026-05-24 09:00:00', 'SYSTEM', '51500000-0000-4000-8000-000000000001', '9f9a6f1a-2a1d-4a61-9a1b-200000000002', '2026-05-05 09:00:00', '2026-05-05 17:00:00', 'REGULAR', TRUE, '{}'::jsonb, '[]'::jsonb),
                                                                                                                                                                                                                                   ('51500000-0000-4000-8000-000000000026', 0, 'e3a0937a-4ab7-47b2-ac7f-8d99d1469e8b', '2026-05-24 09:00:00', 'SYSTEM', '2026-05-24 09:00:00', 'SYSTEM', '51500000-0000-4000-8000-000000000001', '9f9a6f1a-2a1d-4a61-9a1b-200000000002', '2026-05-06 09:00:00', '2026-05-06 17:00:00', 'REGULAR', TRUE, '{}'::jsonb, '[]'::jsonb),
                                                                                                                                                                                                                                   ('51500000-0000-4000-8000-000000000027', 0, 'e3a0937a-4ab7-47b2-ac7f-8d99d1469e8b', '2026-05-24 09:00:00', 'SYSTEM', '2026-05-24 09:00:00', 'SYSTEM', '51500000-0000-4000-8000-000000000001', '9f9a6f1a-2a1d-4a61-9a1b-200000000002', '2026-05-07 09:00:00', '2026-05-07 17:00:00', 'REGULAR', TRUE, '{}'::jsonb, '[]'::jsonb),
                                                                                                                                                                                                                                   ('51500000-0000-4000-8000-000000000028', 0, 'e3a0937a-4ab7-47b2-ac7f-8d99d1469e8b', '2026-05-24 09:00:00', 'SYSTEM', '2026-05-24 09:00:00', 'SYSTEM', '51500000-0000-4000-8000-000000000001', '9f9a6f1a-2a1d-4a61-9a1b-200000000002', '2026-05-08 09:00:00', '2026-05-08 17:00:00', 'REGULAR', TRUE, '{}'::jsonb, '[]'::jsonb),
                                                                                                                                                                                                                                   ('51500000-0000-4000-8000-000000000029', 0, 'e3a0937a-4ab7-47b2-ac7f-8d99d1469e8b', '2026-05-24 09:00:00', 'SYSTEM', '2026-05-24 09:00:00', 'SYSTEM', '51500000-0000-4000-8000-000000000001', '9f9a6f1a-2a1d-4a61-9a1b-200000000002', '2026-05-09 09:00:00', '2026-05-09 17:00:00', 'REGULAR', TRUE, '{}'::jsonb, '[]'::jsonb)
ON CONFLICT (shift_id) DO NOTHING;

INSERT INTO sch_attendance_record (record_id, version, tenant_id, created_at, created_by, last_modified_at, last_modified_by, relationship_id, work_date, is_closed, status, deviations) VALUES
                                                                                                                                                                                             ('51500000-0000-4000-8000-000000000125', 0, 'e3a0937a-4ab7-47b2-ac7f-8d99d1469e8b', '2026-05-24 09:00:00', 'SYSTEM', '2026-05-24 09:00:00', 'SYSTEM', '9f9a6f1a-2a1d-4a61-9a1b-200000000002', '2026-05-05', TRUE, 'PRESENT', '[]'::jsonb),
                                                                                                                                                                                             ('51500000-0000-4000-8000-000000000126', 0, 'e3a0937a-4ab7-47b2-ac7f-8d99d1469e8b', '2026-05-24 09:00:00', 'SYSTEM', '2026-05-24 09:00:00', 'SYSTEM', '9f9a6f1a-2a1d-4a61-9a1b-200000000002', '2026-05-06', TRUE, 'PRESENT', '[]'::jsonb),
                                                                                                                                                                                             ('51500000-0000-4000-8000-000000000127', 0, 'e3a0937a-4ab7-47b2-ac7f-8d99d1469e8b', '2026-05-24 09:00:00', 'SYSTEM', '2026-05-24 09:00:00', 'SYSTEM', '9f9a6f1a-2a1d-4a61-9a1b-200000000002', '2026-05-07', TRUE, 'PRESENT', '[]'::jsonb),
                                                                                                                                                                                             ('51500000-0000-4000-8000-000000000128', 0, 'e3a0937a-4ab7-47b2-ac7f-8d99d1469e8b', '2026-05-24 09:00:00', 'SYSTEM', '2026-05-24 09:00:00', 'SYSTEM', '9f9a6f1a-2a1d-4a61-9a1b-200000000002', '2026-05-08', TRUE, 'PRESENT', '[]'::jsonb),
                                                                                                                                                                                             ('51500000-0000-4000-8000-000000000129', 0, 'e3a0937a-4ab7-47b2-ac7f-8d99d1469e8b', '2026-05-24 09:00:00', 'SYSTEM', '2026-05-24 09:00:00', 'SYSTEM', '9f9a6f1a-2a1d-4a61-9a1b-200000000002', '2026-05-09', TRUE, 'PRESENT', '[]'::jsonb)
ON CONFLICT (record_id) DO NOTHING;

INSERT INTO sch_time_entry (entry_id, version, tenant_id, created_at, created_by, last_modified_at, last_modified_by, record_id, punch_time, punch_type, device_id, source, geo_validation) VALUES
                                                                                                                                                                                                ('51500000-0000-4000-8000-000000000225', 0, 'e3a0937a-4ab7-47b2-ac7f-8d99d1469e8b', '2026-05-24 09:00:00', 'SYSTEM', '2026-05-24 09:00:00', 'SYSTEM', '51500000-0000-4000-8000-000000000125', '2026-05-05 09:00:00', 'IN', 'DEV-1002', 'FINGERPRINT', '{"status": "VALID", "distance_meters": 5}'::jsonb),
                                                                                                                                                                                                ('51500000-0000-4000-8000-000000000325', 0, 'e3a0937a-4ab7-47b2-ac7f-8d99d1469e8b', '2026-05-24 09:00:00', 'SYSTEM', '2026-05-24 09:00:00', 'SYSTEM', '51500000-0000-4000-8000-000000000125', '2026-05-05 17:00:00', 'OUT', 'DEV-1002', 'FINGERPRINT', '{"status": "VALID", "distance_meters": 5}'::jsonb),
                                                                                                                                                                                                ('51500000-0000-4000-8000-000000000226', 0, 'e3a0937a-4ab7-47b2-ac7f-8d99d1469e8b', '2026-05-24 09:00:00', 'SYSTEM', '2026-05-24 09:00:00', 'SYSTEM', '51500000-0000-4000-8000-000000000126', '2026-05-06 09:00:00', 'IN', 'DEV-1002', 'FINGERPRINT', '{"status": "VALID", "distance_meters": 5}'::jsonb),
                                                                                                                                                                                                ('51500000-0000-4000-8000-000000000326', 0, 'e3a0937a-4ab7-47b2-ac7f-8d99d1469e8b', '2026-05-24 09:00:00', 'SYSTEM', '2026-05-24 09:00:00', 'SYSTEM', '51500000-0000-4000-8000-000000000126', '2026-05-06 17:00:00', 'OUT', 'DEV-1002', 'FINGERPRINT', '{"status": "VALID", "distance_meters": 5}'::jsonb),
                                                                                                                                                                                                ('51500000-0000-4000-8000-000000000227', 0, 'e3a0937a-4ab7-47b2-ac7f-8d99d1469e8b', '2026-05-24 09:00:00', 'SYSTEM', '2026-05-24 09:00:00', 'SYSTEM', '51500000-0000-4000-8000-000000000127', '2026-05-07 09:00:00', 'IN', 'DEV-1002', 'FINGERPRINT', '{"status": "VALID", "distance_meters": 5}'::jsonb),
                                                                                                                                                                                                ('51500000-0000-4000-8000-000000000327', 0, 'e3a0937a-4ab7-47b2-ac7f-8d99d1469e8b', '2026-05-24 09:00:00', 'SYSTEM', '2026-05-24 09:00:00', 'SYSTEM', '51500000-0000-4000-8000-000000000127', '2026-05-07 17:00:00', 'OUT', 'DEV-1002', 'FINGERPRINT', '{"status": "VALID", "distance_meters": 5}'::jsonb),
                                                                                                                                                                                                ('51500000-0000-4000-8000-000000000228', 0, 'e3a0937a-4ab7-47b2-ac7f-8d99d1469e8b', '2026-05-24 09:00:00', 'SYSTEM', '2026-05-24 09:00:00', 'SYSTEM', '51500000-0000-4000-8000-000000000128', '2026-05-08 09:00:00', 'IN', 'DEV-1002', 'FINGERPRINT', '{"status": "VALID", "distance_meters": 5}'::jsonb),
                                                                                                                                                                                                ('51500000-0000-4000-8000-000000000328', 0, 'e3a0937a-4ab7-47b2-ac7f-8d99d1469e8b', '2026-05-24 09:00:00', 'SYSTEM', '2026-05-24 09:00:00', 'SYSTEM', '51500000-0000-4000-8000-000000000128', '2026-05-08 17:00:00', 'OUT', 'DEV-1002', 'FINGERPRINT', '{"status": "VALID", "distance_meters": 5}'::jsonb),
                                                                                                                                                                                                ('51500000-0000-4000-8000-000000000229', 0, 'e3a0937a-4ab7-47b2-ac7f-8d99d1469e8b', '2026-05-24 09:00:00', 'SYSTEM', '2026-05-24 09:00:00', 'SYSTEM', '51500000-0000-4000-8000-000000000129', '2026-05-09 09:00:00', 'IN', 'DEV-1002', 'FINGERPRINT', '{"status": "VALID", "distance_meters": 5}'::jsonb),
                                                                                                                                                                                                ('51500000-0000-4000-8000-000000000329', 0, 'e3a0937a-4ab7-47b2-ac7f-8d99d1469e8b', '2026-05-24 09:00:00', 'SYSTEM', '2026-05-24 09:00:00', 'SYSTEM', '51500000-0000-4000-8000-000000000129', '2026-05-09 17:00:00', 'OUT', 'DEV-1002', 'FINGERPRINT', '{"status": "VALID", "distance_meters": 5}'::jsonb)
ON CONFLICT (entry_id) DO NOTHING;

-- Employee 3: Maria Gomez
INSERT INTO sch_assigned_shift (shift_id, version, tenant_id, created_at, created_by, last_modified_at, last_modified_by, plan_id, relationship_id, expected_start, expected_end, shift_type, is_active, metadata, violations) VALUES
                                                                                                                                                                                                                                   ('51500000-0000-4000-8000-000000000035', 0, 'e3a0937a-4ab7-47b2-ac7f-8d99d1469e8b', '2026-05-24 09:00:00', 'SYSTEM', '2026-05-24 09:00:00', 'SYSTEM', '51500000-0000-4000-8000-000000000001', '9f9a6f1a-2a1d-4a61-9a1b-200000000003', '2026-05-05 09:00:00', '2026-05-05 17:00:00', 'REGULAR', TRUE, '{}'::jsonb, '[]'::jsonb),
                                                                                                                                                                                                                                   ('51500000-0000-4000-8000-000000000036', 0, 'e3a0937a-4ab7-47b2-ac7f-8d99d1469e8b', '2026-05-24 09:00:00', 'SYSTEM', '2026-05-24 09:00:00', 'SYSTEM', '51500000-0000-4000-8000-000000000001', '9f9a6f1a-2a1d-4a61-9a1b-200000000003', '2026-05-06 09:00:00', '2026-05-06 17:00:00', 'REGULAR', TRUE, '{}'::jsonb, '[]'::jsonb),
                                                                                                                                                                                                                                   ('51500000-0000-4000-8000-000000000037', 0, 'e3a0937a-4ab7-47b2-ac7f-8d99d1469e8b', '2026-05-24 09:00:00', 'SYSTEM', '2026-05-24 09:00:00', 'SYSTEM', '51500000-0000-4000-8000-000000000001', '9f9a6f1a-2a1d-4a61-9a1b-200000000003', '2026-05-07 09:00:00', '2026-05-07 17:00:00', 'REGULAR', TRUE, '{}'::jsonb, '[]'::jsonb),
                                                                                                                                                                                                                                   ('51500000-0000-4000-8000-000000000038', 0, 'e3a0937a-4ab7-47b2-ac7f-8d99d1469e8b', '2026-05-24 09:00:00', 'SYSTEM', '2026-05-24 09:00:00', 'SYSTEM', '51500000-0000-4000-8000-000000000001', '9f9a6f1a-2a1d-4a61-9a1b-200000000003', '2026-05-08 09:00:00', '2026-05-08 17:00:00', 'REGULAR', TRUE, '{}'::jsonb, '[]'::jsonb),
                                                                                                                                                                                                                                   ('51500000-0000-4000-8000-000000000039', 0, 'e3a0937a-4ab7-47b2-ac7f-8d99d1469e8b', '2026-05-24 09:00:00', 'SYSTEM', '2026-05-24 09:00:00', 'SYSTEM', '51500000-0000-4000-8000-000000000001', '9f9a6f1a-2a1d-4a61-9a1b-200000000003', '2026-05-09 09:00:00', '2026-05-09 17:00:00', 'REGULAR', TRUE, '{}'::jsonb, '[]'::jsonb)
ON CONFLICT (shift_id) DO NOTHING;

INSERT INTO sch_attendance_record (record_id, version, tenant_id, created_at, created_by, last_modified_at, last_modified_by, relationship_id, work_date, is_closed, status, deviations) VALUES
                                                                                                                                                                                             ('51500000-0000-4000-8000-000000000135', 0, 'e3a0937a-4ab7-47b2-ac7f-8d99d1469e8b', '2026-05-24 09:00:00', 'SYSTEM', '2026-05-24 09:00:00', 'SYSTEM', '9f9a6f1a-2a1d-4a61-9a1b-200000000003', '2026-05-05', TRUE, 'PRESENT', '[]'::jsonb),
                                                                                                                                                                                             ('51500000-0000-4000-8000-000000000136', 0, 'e3a0937a-4ab7-47b2-ac7f-8d99d1469e8b', '2026-05-24 09:00:00', 'SYSTEM', '2026-05-24 09:00:00', 'SYSTEM', '9f9a6f1a-2a1d-4a61-9a1b-200000000003', '2026-05-06', TRUE, 'PRESENT', '[]'::jsonb),
                                                                                                                                                                                             ('51500000-0000-4000-8000-000000000137', 0, 'e3a0937a-4ab7-47b2-ac7f-8d99d1469e8b', '2026-05-24 09:00:00', 'SYSTEM', '2026-05-24 09:00:00', 'SYSTEM', '9f9a6f1a-2a1d-4a61-9a1b-200000000003', '2026-05-07', TRUE, 'PRESENT', '[]'::jsonb),
                                                                                                                                                                                             ('51500000-0000-4000-8000-000000000138', 0, 'e3a0937a-4ab7-47b2-ac7f-8d99d1469e8b', '2026-05-24 09:00:00', 'SYSTEM', '2026-05-24 09:00:00', 'SYSTEM', '9f9a6f1a-2a1d-4a61-9a1b-200000000003', '2026-05-08', TRUE, 'PRESENT', '[]'::jsonb),
                                                                                                                                                                                             ('51500000-0000-4000-8000-000000000139', 0, 'e3a0937a-4ab7-47b2-ac7f-8d99d1469e8b', '2026-05-24 09:00:00', 'SYSTEM', '2026-05-24 09:00:00', 'SYSTEM', '9f9a6f1a-2a1d-4a61-9a1b-200000000003', '2026-05-09', TRUE, 'PRESENT', '[]'::jsonb)
ON CONFLICT (record_id) DO NOTHING;

INSERT INTO sch_time_entry (entry_id, version, tenant_id, created_at, created_by, last_modified_at, last_modified_by, record_id, punch_time, punch_type, device_id, source, geo_validation) VALUES
                                                                                                                                                                                                ('51500000-0000-4000-8000-000000000235', 0, 'e3a0937a-4ab7-47b2-ac7f-8d99d1469e8b', '2026-05-24 09:00:00', 'SYSTEM', '2026-05-24 09:00:00', 'SYSTEM', '51500000-0000-4000-8000-000000000135', '2026-05-05 09:00:00', 'IN', 'DEV-1003', 'FINGERPRINT', '{"status": "VALID", "distance_meters": 5}'::jsonb),
                                                                                                                                                                                                ('51500000-0000-4000-8000-000000000335', 0, 'e3a0937a-4ab7-47b2-ac7f-8d99d1469e8b', '2026-05-24 09:00:00', 'SYSTEM', '2026-05-24 09:00:00', 'SYSTEM', '51500000-0000-4000-8000-000000000135', '2026-05-05 17:00:00', 'OUT', 'DEV-1003', 'FINGERPRINT', '{"status": "VALID", "distance_meters": 5}'::jsonb),
                                                                                                                                                                                                ('51500000-0000-4000-8000-000000000236', 0, 'e3a0937a-4ab7-47b2-ac7f-8d99d1469e8b', '2026-05-24 09:00:00', 'SYSTEM', '2026-05-24 09:00:00', 'SYSTEM', '51500000-0000-4000-8000-000000000136', '2026-05-06 09:00:00', 'IN', 'DEV-1003', 'FINGERPRINT', '{"status": "VALID", "distance_meters": 5}'::jsonb),
                                                                                                                                                                                                ('51500000-0000-4000-8000-000000000336', 0, 'e3a0937a-4ab7-47b2-ac7f-8d99d1469e8b', '2026-05-24 09:00:00', 'SYSTEM', '2026-05-24 09:00:00', 'SYSTEM', '51500000-0000-4000-8000-000000000136', '2026-05-06 17:00:00', 'OUT', 'DEV-1003', 'FINGERPRINT', '{"status": "VALID", "distance_meters": 5}'::jsonb),
                                                                                                                                                                                                ('51500000-0000-4000-8000-000000000237', 0, 'e3a0937a-4ab7-47b2-ac7f-8d99d1469e8b', '2026-05-24 09:00:00', 'SYSTEM', '2026-05-24 09:00:00', 'SYSTEM', '51500000-0000-4000-8000-000000000137', '2026-05-07 09:00:00', 'IN', 'DEV-1003', 'FINGERPRINT', '{"status": "VALID", "distance_meters": 5}'::jsonb),
                                                                                                                                                                                                ('51500000-0000-4000-8000-000000000337', 0, 'e3a0937a-4ab7-47b2-ac7f-8d99d1469e8b', '2026-05-24 09:00:00', 'SYSTEM', '2026-05-24 09:00:00', 'SYSTEM', '51500000-0000-4000-8000-000000000137', '2026-05-07 17:00:00', 'OUT', 'DEV-1003', 'FINGERPRINT', '{"status": "VALID", "distance_meters": 5}'::jsonb),
                                                                                                                                                                                                ('51500000-0000-4000-8000-000000000238', 0, 'e3a0937a-4ab7-47b2-ac7f-8d99d1469e8b', '2026-05-24 09:00:00', 'SYSTEM', '2026-05-24 09:00:00', 'SYSTEM', '51500000-0000-4000-8000-000000000138', '2026-05-08 09:00:00', 'IN', 'DEV-1003', 'FINGERPRINT', '{"status": "VALID", "distance_meters": 5}'::jsonb),
                                                                                                                                                                                                ('51500000-0000-4000-8000-000000000338', 0, 'e3a0937a-4ab7-47b2-ac7f-8d99d1469e8b', '2026-05-24 09:00:00', 'SYSTEM', '2026-05-24 09:00:00', 'SYSTEM', '51500000-0000-4000-8000-000000000138', '2026-05-08 17:00:00', 'OUT', 'DEV-1003', 'FINGERPRINT', '{"status": "VALID", "distance_meters": 5}'::jsonb),
                                                                                                                                                                                                ('51500000-0000-4000-8000-000000000239', 0, 'e3a0937a-4ab7-47b2-ac7f-8d99d1469e8b', '2026-05-24 09:00:00', 'SYSTEM', '2026-05-24 09:00:00', 'SYSTEM', '51500000-0000-4000-8000-000000000139', '2026-05-09 09:00:00', 'IN', 'DEV-1003', 'FINGERPRINT', '{"status": "VALID", "distance_meters": 5}'::jsonb),
                                                                                                                                                                                                ('51500000-0000-4000-8000-000000000339', 0, 'e3a0937a-4ab7-47b2-ac7f-8d99d1469e8b', '2026-05-24 09:00:00', 'SYSTEM', '2026-05-24 09:00:00', 'SYSTEM', '51500000-0000-4000-8000-000000000139', '2026-05-09 17:00:00', 'OUT', 'DEV-1003', 'FINGERPRINT', '{"status": "VALID", "distance_meters": 5}'::jsonb)
ON CONFLICT (entry_id) DO NOTHING;

-- Employee 4: Juan Perez
INSERT INTO sch_assigned_shift (shift_id, version, tenant_id, created_at, created_by, last_modified_at, last_modified_by, plan_id, relationship_id, expected_start, expected_end, shift_type, is_active, metadata, violations) VALUES
                                                                                                                                                                                                                                   ('51500000-0000-4000-8000-000000000045', 0, 'e3a0937a-4ab7-47b2-ac7f-8d99d1469e8b', '2026-05-24 09:00:00', 'SYSTEM', '2026-05-24 09:00:00', 'SYSTEM', '51500000-0000-4000-8000-000000000001', '9f9a6f1a-2a1d-4a61-9a1b-200000000004', '2026-05-05 09:00:00', '2026-05-05 17:00:00', 'REGULAR', TRUE, '{}'::jsonb, '[]'::jsonb),
                                                                                                                                                                                                                                   ('51500000-0000-4000-8000-000000000046', 0, 'e3a0937a-4ab7-47b2-ac7f-8d99d1469e8b', '2026-05-24 09:00:00', 'SYSTEM', '2026-05-24 09:00:00', 'SYSTEM', '51500000-0000-4000-8000-000000000001', '9f9a6f1a-2a1d-4a61-9a1b-200000000004', '2026-05-06 09:00:00', '2026-05-06 17:00:00', 'REGULAR', TRUE, '{}'::jsonb, '[]'::jsonb),
                                                                                                                                                                                                                                   ('51500000-0000-4000-8000-000000000047', 0, 'e3a0937a-4ab7-47b2-ac7f-8d99d1469e8b', '2026-05-24 09:00:00', 'SYSTEM', '2026-05-24 09:00:00', 'SYSTEM', '51500000-0000-4000-8000-000000000001', '9f9a6f1a-2a1d-4a61-9a1b-200000000004', '2026-05-07 09:00:00', '2026-05-07 17:00:00', 'REGULAR', TRUE, '{}'::jsonb, '[]'::jsonb),
                                                                                                                                                                                                                                   ('51500000-0000-4000-8000-000000000048', 0, 'e3a0937a-4ab7-47b2-ac7f-8d99d1469e8b', '2026-05-24 09:00:00', 'SYSTEM', '2026-05-24 09:00:00', 'SYSTEM', '51500000-0000-4000-8000-000000000001', '9f9a6f1a-2a1d-4a61-9a1b-200000000004', '2026-05-08 09:00:00', '2026-05-08 17:00:00', 'REGULAR', TRUE, '{}'::jsonb, '[]'::jsonb),
                                                                                                                                                                                                                                   ('51500000-0000-4000-8000-000000000049', 0, 'e3a0937a-4ab7-47b2-ac7f-8d99d1469e8b', '2026-05-24 09:00:00', 'SYSTEM', '2026-05-24 09:00:00', 'SYSTEM', '51500000-0000-4000-8000-000000000001', '9f9a6f1a-2a1d-4a61-9a1b-200000000004', '2026-05-09 09:00:00', '2026-05-09 17:00:00', 'REGULAR', TRUE, '{}'::jsonb, '[]'::jsonb)
ON CONFLICT (shift_id) DO NOTHING;

INSERT INTO sch_attendance_record (record_id, version, tenant_id, created_at, created_by, last_modified_at, last_modified_by, relationship_id, work_date, is_closed, status, deviations) VALUES
                                                                                                                                                                                             ('51500000-0000-4000-8000-000000000145', 0, 'e3a0937a-4ab7-47b2-ac7f-8d99d1469e8b', '2026-05-24 09:00:00', 'SYSTEM', '2026-05-24 09:00:00', 'SYSTEM', '9f9a6f1a-2a1d-4a61-9a1b-200000000004', '2026-05-05', TRUE, 'PRESENT', '[]'::jsonb),
                                                                                                                                                                                             ('51500000-0000-4000-8000-000000000146', 0, 'e3a0937a-4ab7-47b2-ac7f-8d99d1469e8b', '2026-05-24 09:00:00', 'SYSTEM', '2026-05-24 09:00:00', 'SYSTEM', '9f9a6f1a-2a1d-4a61-9a1b-200000000004', '2026-05-06', TRUE, 'PRESENT', '[]'::jsonb),
                                                                                                                                                                                             ('51500000-0000-4000-8000-000000000147', 0, 'e3a0937a-4ab7-47b2-ac7f-8d99d1469e8b', '2026-05-24 09:00:00', 'SYSTEM', '2026-05-24 09:00:00', 'SYSTEM', '9f9a6f1a-2a1d-4a61-9a1b-200000000004', '2026-05-07', TRUE, 'PRESENT', '[]'::jsonb),
                                                                                                                                                                                             ('51500000-0000-4000-8000-000000000148', 0, 'e3a0937a-4ab7-47b2-ac7f-8d99d1469e8b', '2026-05-24 09:00:00', 'SYSTEM', '2026-05-24 09:00:00', 'SYSTEM', '9f9a6f1a-2a1d-4a61-9a1b-200000000004', '2026-05-08', TRUE, 'PRESENT', '[]'::jsonb),
                                                                                                                                                                                             ('51500000-0000-4000-8000-000000000149', 0, 'e3a0937a-4ab7-47b2-ac7f-8d99d1469e8b', '2026-05-24 09:00:00', 'SYSTEM', '2026-05-24 09:00:00', 'SYSTEM', '9f9a6f1a-2a1d-4a61-9a1b-200000000004', '2026-05-09', TRUE, 'PRESENT', '[]'::jsonb)
ON CONFLICT (record_id) DO NOTHING;

INSERT INTO sch_time_entry (entry_id, version, tenant_id, created_at, created_by, last_modified_at, last_modified_by, record_id, punch_time, punch_type, device_id, source, geo_validation) VALUES
                                                                                                                                                                                                ('51500000-0000-4000-8000-000000000245', 0, 'e3a0937a-4ab7-47b2-ac7f-8d99d1469e8b', '2026-05-24 09:00:00', 'SYSTEM', '2026-05-24 09:00:00', 'SYSTEM', '51500000-0000-4000-8000-000000000145', '2026-05-05 09:00:00', 'IN', 'DEV-1004', 'FINGERPRINT', '{"status": "VALID", "distance_meters": 5}'::jsonb),
                                                                                                                                                                                                ('51500000-0000-4000-8000-000000000345', 0, 'e3a0937a-4ab7-47b2-ac7f-8d99d1469e8b', '2026-05-24 09:00:00', 'SYSTEM', '2026-05-24 09:00:00', 'SYSTEM', '51500000-0000-4000-8000-000000000145', '2026-05-05 17:00:00', 'OUT', 'DEV-1004', 'FINGERPRINT', '{"status": "VALID", "distance_meters": 5}'::jsonb),
                                                                                                                                                                                                ('51500000-0000-4000-8000-000000000246', 0, 'e3a0937a-4ab7-47b2-ac7f-8d99d1469e8b', '2026-05-24 09:00:00', 'SYSTEM', '2026-05-24 09:00:00', 'SYSTEM', '51500000-0000-4000-8000-000000000146', '2026-05-06 09:00:00', 'IN', 'DEV-1004', 'FINGERPRINT', '{"status": "VALID", "distance_meters": 5}'::jsonb),
                                                                                                                                                                                                ('51500000-0000-4000-8000-000000000346', 0, 'e3a0937a-4ab7-47b2-ac7f-8d99d1469e8b', '2026-05-24 09:00:00', 'SYSTEM', '2026-05-24 09:00:00', 'SYSTEM', '51500000-0000-4000-8000-000000000146', '2026-05-06 17:00:00', 'OUT', 'DEV-1004', 'FINGERPRINT', '{"status": "VALID", "distance_meters": 5}'::jsonb),
                                                                                                                                                                                                ('51500000-0000-4000-8000-000000000247', 0, 'e3a0937a-4ab7-47b2-ac7f-8d99d1469e8b', '2026-05-24 09:00:00', 'SYSTEM', '2026-05-24 09:00:00', 'SYSTEM', '51500000-0000-4000-8000-000000000147', '2026-05-07 09:00:00', 'IN', 'DEV-1004', 'FINGERPRINT', '{"status": "VALID", "distance_meters": 5}'::jsonb),
                                                                                                                                                                                                ('51500000-0000-4000-8000-000000000347', 0, 'e3a0937a-4ab7-47b2-ac7f-8d99d1469e8b', '2026-05-24 09:00:00', 'SYSTEM', '2026-05-24 09:00:00', 'SYSTEM', '51500000-0000-4000-8000-000000000147', '2026-05-07 17:00:00', 'OUT', 'DEV-1004', 'FINGERPRINT', '{"status": "VALID", "distance_meters": 5}'::jsonb),
                                                                                                                                                                                                ('51500000-0000-4000-8000-000000000248', 0, 'e3a0937a-4ab7-47b2-ac7f-8d99d1469e8b', '2026-05-24 09:00:00', 'SYSTEM', '2026-05-24 09:00:00', 'SYSTEM', '51500000-0000-4000-8000-000000000148', '2026-05-08 09:00:00', 'IN', 'DEV-1004', 'FINGERPRINT', '{"status": "VALID", "distance_meters": 5}'::jsonb),
                                                                                                                                                                                                ('51500000-0000-4000-8000-000000000348', 0, 'e3a0937a-4ab7-47b2-ac7f-8d99d1469e8b', '2026-05-24 09:00:00', 'SYSTEM', '2026-05-24 09:00:00', 'SYSTEM', '51500000-0000-4000-8000-000000000148', '2026-05-08 17:00:00', 'OUT', 'DEV-1004', 'FINGERPRINT', '{"status": "VALID", "distance_meters": 5}'::jsonb),
                                                                                                                                                                                                ('51500000-0000-4000-8000-000000000249', 0, 'e3a0937a-4ab7-47b2-ac7f-8d99d1469e8b', '2026-05-24 09:00:00', 'SYSTEM', '2026-05-24 09:00:00', 'SYSTEM', '51500000-0000-4000-8000-000000000149', '2026-05-09 09:00:00', 'IN', 'DEV-1004', 'FINGERPRINT', '{"status": "VALID", "distance_meters": 5}'::jsonb),
                                                                                                                                                                                                ('51500000-0000-4000-8000-000000000349', 0, 'e3a0937a-4ab7-47b2-ac7f-8d99d1469e8b', '2026-05-24 09:00:00', 'SYSTEM', '2026-05-24 09:00:00', 'SYSTEM', '51500000-0000-4000-8000-000000000149', '2026-05-09 17:00:00', 'OUT', 'DEV-1004', 'FINGERPRINT', '{"status": "VALID", "distance_meters": 5}'::jsonb)
ON CONFLICT (entry_id) DO NOTHING;

-- Employee 5: Ana Rojas
INSERT INTO sch_assigned_shift (shift_id, version, tenant_id, created_at, created_by, last_modified_at, last_modified_by, plan_id, relationship_id, expected_start, expected_end, shift_type, is_active, metadata, violations) VALUES
                                                                                                                                                                                                                                   ('51500000-0000-4000-8000-000000000055', 0, 'e3a0937a-4ab7-47b2-ac7f-8d99d1469e8b', '2026-05-24 09:00:00', 'SYSTEM', '2026-05-24 09:00:00', 'SYSTEM', '51500000-0000-4000-8000-000000000001', '9f9a6f1a-2a1d-4a61-9a1b-200000000005', '2026-05-05 09:00:00', '2026-05-05 17:00:00', 'REGULAR', TRUE, '{}'::jsonb, '[]'::jsonb),
                                                                                                                                                                                                                                   ('51500000-0000-4000-8000-000000000056', 0, 'e3a0937a-4ab7-47b2-ac7f-8d99d1469e8b', '2026-05-24 09:00:00', 'SYSTEM', '2026-05-24 09:00:00', 'SYSTEM', '51500000-0000-4000-8000-000000000001', '9f9a6f1a-2a1d-4a61-9a1b-200000000005', '2026-05-06 09:00:00', '2026-05-06 17:00:00', 'REGULAR', TRUE, '{}'::jsonb, '[]'::jsonb),
                                                                                                                                                                                                                                   ('51500000-0000-4000-8000-000000000057', 0, 'e3a0937a-4ab7-47b2-ac7f-8d99d1469e8b', '2026-05-24 09:00:00', 'SYSTEM', '2026-05-24 09:00:00', 'SYSTEM', '51500000-0000-4000-8000-000000000001', '9f9a6f1a-2a1d-4a61-9a1b-200000000005', '2026-05-07 09:00:00', '2026-05-07 17:00:00', 'REGULAR', TRUE, '{}'::jsonb, '[]'::jsonb),
                                                                                                                                                                                                                                   ('51500000-0000-4000-8000-000000000058', 0, 'e3a0937a-4ab7-47b2-ac7f-8d99d1469e8b', '2026-05-24 09:00:00', 'SYSTEM', '2026-05-24 09:00:00', 'SYSTEM', '51500000-0000-4000-8000-000000000001', '9f9a6f1a-2a1d-4a61-9a1b-200000000005', '2026-05-08 09:00:00', '2026-05-08 17:00:00', 'REGULAR', TRUE, '{}'::jsonb, '[]'::jsonb),
                                                                                                                                                                                                                                   ('51500000-0000-4000-8000-000000000059', 0, 'e3a0937a-4ab7-47b2-ac7f-8d99d1469e8b', '2026-05-24 09:00:00', 'SYSTEM', '2026-05-24 09:00:00', 'SYSTEM', '51500000-0000-4000-8000-000000000001', '9f9a6f1a-2a1d-4a61-9a1b-200000000005', '2026-05-09 09:00:00', '2026-05-09 17:00:00', 'REGULAR', TRUE, '{}'::jsonb, '[]'::jsonb)
ON CONFLICT (shift_id) DO NOTHING;

INSERT INTO sch_attendance_record (record_id, version, tenant_id, created_at, created_by, last_modified_at, last_modified_by, relationship_id, work_date, is_closed, status, deviations) VALUES
                                                                                                                                                                                             ('51500000-0000-4000-8000-000000000155', 0, 'e3a0937a-4ab7-47b2-ac7f-8d99d1469e8b', '2026-05-24 09:00:00', 'SYSTEM', '2026-05-24 09:00:00', 'SYSTEM', '9f9a6f1a-2a1d-4a61-9a1b-200000000005', '2026-05-05', TRUE, 'PRESENT', '[]'::jsonb),
                                                                                                                                                                                             ('51500000-0000-4000-8000-000000000156', 0, 'e3a0937a-4ab7-47b2-ac7f-8d99d1469e8b', '2026-05-24 09:00:00', 'SYSTEM', '2026-05-24 09:00:00', 'SYSTEM', '9f9a6f1a-2a1d-4a61-9a1b-200000000005', '2026-05-06', TRUE, 'PRESENT', '[]'::jsonb),
                                                                                                                                                                                             ('51500000-0000-4000-8000-000000000157', 0, 'e3a0937a-4ab7-47b2-ac7f-8d99d1469e8b', '2026-05-24 09:00:00', 'SYSTEM', '2026-05-24 09:00:00', 'SYSTEM', '9f9a6f1a-2a1d-4a61-9a1b-200000000005', '2026-05-07', TRUE, 'PRESENT', '[]'::jsonb),
                                                                                                                                                                                             ('51500000-0000-4000-8000-000000000158', 0, 'e3a0937a-4ab7-47b2-ac7f-8d99d1469e8b', '2026-05-24 09:00:00', 'SYSTEM', '2026-05-24 09:00:00', 'SYSTEM', '9f9a6f1a-2a1d-4a61-9a1b-200000000005', '2026-05-08', TRUE, 'PRESENT', '[]'::jsonb),
                                                                                                                                                                                             ('51500000-0000-4000-8000-000000000159', 0, 'e3a0937a-4ab7-47b2-ac7f-8d99d1469e8b', '2026-05-24 09:00:00', 'SYSTEM', '2026-05-24 09:00:00', 'SYSTEM', '9f9a6f1a-2a1d-4a61-9a1b-200000000005', '2026-05-09', TRUE, 'PRESENT', '[]'::jsonb)
ON CONFLICT (record_id) DO NOTHING;

INSERT INTO sch_time_entry (entry_id, version, tenant_id, created_at, created_by, last_modified_at, last_modified_by, record_id, punch_time, punch_type, device_id, source, geo_validation) VALUES
                                                                                                                                                                                                ('51500000-0000-4000-8000-000000000255', 0, 'e3a0937a-4ab7-47b2-ac7f-8d99d1469e8b', '2026-05-24 09:00:00', 'SYSTEM', '2026-05-24 09:00:00', 'SYSTEM', '51500000-0000-4000-8000-000000000155', '2026-05-05 09:00:00', 'IN', 'DEV-1005', 'FINGERPRINT', '{"status": "VALID", "distance_meters": 5}'::jsonb),
                                                                                                                                                                                                ('51500000-0000-4000-8000-000000000355', 0, 'e3a0937a-4ab7-47b2-ac7f-8d99d1469e8b', '2026-05-24 09:00:00', 'SYSTEM', '2026-05-24 09:00:00', 'SYSTEM', '51500000-0000-4000-8000-000000000155', '2026-05-05 17:00:00', 'OUT', 'DEV-1005', 'FINGERPRINT', '{"status": "VALID", "distance_meters": 5}'::jsonb),
                                                                                                                                                                                                ('51500000-0000-4000-8000-000000000256', 0, 'e3a0937a-4ab7-47b2-ac7f-8d99d1469e8b', '2026-05-24 09:00:00', 'SYSTEM', '2026-05-24 09:00:00', 'SYSTEM', '51500000-0000-4000-8000-000000000156', '2026-05-06 09:00:00', 'IN', 'DEV-1005', 'FINGERPRINT', '{"status": "VALID", "distance_meters": 5}'::jsonb),
                                                                                                                                                                                                ('51500000-0000-4000-8000-000000000356', 0, 'e3a0937a-4ab7-47b2-ac7f-8d99d1469e8b', '2026-05-24 09:00:00', 'SYSTEM', '2026-05-24 09:00:00', 'SYSTEM', '51500000-0000-4000-8000-000000000156', '2026-05-06 17:00:00', 'OUT', 'DEV-1005', 'FINGERPRINT', '{"status": "VALID", "distance_meters": 5}'::jsonb),
                                                                                                                                                                                                ('51500000-0000-4000-8000-000000000257', 0, 'e3a0937a-4ab7-47b2-ac7f-8d99d1469e8b', '2026-05-24 09:00:00', 'SYSTEM', '2026-05-24 09:00:00', 'SYSTEM', '51500000-0000-4000-8000-000000000157', '2026-05-07 09:00:00', 'IN', 'DEV-1005', 'FINGERPRINT', '{"status": "VALID", "distance_meters": 5}'::jsonb),
                                                                                                                                                                                                ('51500000-0000-4000-8000-000000000357', 0, 'e3a0937a-4ab7-47b2-ac7f-8d99d1469e8b', '2026-05-24 09:00:00', 'SYSTEM', '2026-05-24 09:00:00', 'SYSTEM', '51500000-0000-4000-8000-000000000157', '2026-05-07 17:00:00', 'OUT', 'DEV-1005', 'FINGERPRINT', '{"status": "VALID", "distance_meters": 5}'::jsonb),
                                                                                                                                                                                                ('51500000-0000-4000-8000-000000000258', 0, 'e3a0937a-4ab7-47b2-ac7f-8d99d1469e8b', '2026-05-24 09:00:00', 'SYSTEM', '2026-05-24 09:00:00', 'SYSTEM', '51500000-0000-4000-8000-000000000158', '2026-05-08 09:00:00', 'IN', 'DEV-1005', 'FINGERPRINT', '{"status": "VALID", "distance_meters": 5}'::jsonb),
                                                                                                                                                                                                ('51500000-0000-4000-8000-000000000358', 0, 'e3a0937a-4ab7-47b2-ac7f-8d99d1469e8b', '2026-05-24 09:00:00', 'SYSTEM', '2026-05-24 09:00:00', 'SYSTEM', '51500000-0000-4000-8000-000000000158', '2026-05-08 17:00:00', 'OUT', 'DEV-1005', 'FINGERPRINT', '{"status": "VALID", "distance_meters": 5}'::jsonb),
                                                                                                                                                                                                ('51500000-0000-4000-8000-000000000259', 0, 'e3a0937a-4ab7-47b2-ac7f-8d99d1469e8b', '2026-05-24 09:00:00', 'SYSTEM', '2026-05-24 09:00:00', 'SYSTEM', '51500000-0000-4000-8000-000000000159', '2026-05-09 09:00:00', 'IN', 'DEV-1005', 'FINGERPRINT', '{"status": "VALID", "distance_meters": 5}'::jsonb),
                                                                                                                                                                                                ('51500000-0000-4000-8000-000000000359', 0, 'e3a0937a-4ab7-47b2-ac7f-8d99d1469e8b', '2026-05-24 09:00:00', 'SYSTEM', '2026-05-24 09:00:00', 'SYSTEM', '51500000-0000-4000-8000-000000000159', '2026-05-09 17:00:00', 'OUT', 'DEV-1005', 'FINGERPRINT', '{"status": "VALID", "distance_meters": 5}'::jsonb)
ON CONFLICT (entry_id) DO NOTHING;
